Id,Id2,Geography,Total; Estimate; Population 18 to 24 years,Total; Margin of Error; Population 18 to 24 years,Percent; Estimate; Population 18 to 24 years,Percent; Margin of Error; Population 18 to 24 years,Males; Estimate; Population 18 to 24 years,Males; Margin of Error; Population 18 to 24 years,Percent Males; Estimate; Population 18 to 24 years,Percent Males; Margin of Error; Population 18 to 24 years,Females; Estimate; Population 18 to 24 years,Females; Margin of Error; Population 18 to 24 years,Percent Females; Estimate; Population 18 to 24 years,Percent Females; Margin of Error; Population 18 to 24 years,Total; Estimate; Population 18 to 24 years - Bachelor's degree or higher,Total; Margin of Error; Population 18 to 24 years - Bachelor's degree or higher,Percent; Estimate; Population 18 to 24 years - Bachelor's degree or higher,Percent; Margin of Error; Population 18 to 24 years - Bachelor's degree or higher,Males; Estimate; Population 18 to 24 years - Bachelor's degree or higher,Males; Margin of Error; Population 18 to 24 years - Bachelor's degree or higher,Percent Males; Estimate; Population 18 to 24 years - Bachelor's degree or higher,Percent Males; Margin of Error; Population 18 to 24 years - Bachelor's degree or higher,Females; Estimate; Population 18 to 24 years - Bachelor's degree or higher,Females; Margin of Error; Population 18 to 24 years - Bachelor's degree or higher,Percent Females; Estimate; Population 18 to 24 years - Bachelor's degree or higher,Percent Females; Margin of Error; Population 18 to 24 years - Bachelor's degree or higher,Total; Estimate; Population 25 years and over,Total; Margin of Error; Population 25 years and over,Percent; Estimate; Population 25 years and over,Percent; Margin of Error; Population 25 years and over,Males; Estimate; Population 25 years and over,Males; Margin of Error; Population 25 years and over,Percent Males; Estimate; Population 25 years and over,Percent Males; Margin of Error; Population 25 years and over,Females; Estimate; Population 25 years and over,Females; Margin of Error; Population 25 years and over,Percent Females; Estimate; Population 25 years and over,Percent Females; Margin of Error; Population 25 years and over,Total; Estimate; Population 25 years and over - Less than 9th grade,Total; Margin of Error; Population 25 years and over - Less than 9th grade,Percent; Estimate; Population 25 years and over - Less than 9th grade,Percent; Margin of Error; Population 25 years and over - Less than 9th grade,Males; Estimate; Population 25 years and over - Less than 9th grade,Males; Margin of Error; Population 25 years and over - Less than 9th grade,Percent Males; Estimate; Population 25 years and over - Less than 9th grade,Percent Males; Margin of Error; Population 25 years and over - Less than 9th grade,Females; Estimate; Population 25 years and over - Less than 9th grade,Females; Margin of Error; Population 25 years and over - Less than 9th grade,Percent Females; Estimate; Population 25 years and over - Less than 9th grade,Percent Females; Margin of Error; Population 25 years and over - Less than 9th grade,"Total; Estimate; Population 25 years and over - 9th to 12th grade, no diploma","Total; Margin of Error; Population 25 years and over - 9th to 12th grade, no diploma","Percent; Estimate; Population 25 years and over - 9th to 12th grade, no diploma","Percent; Margin of Error; Population 25 years and over - 9th to 12th grade, no diploma","Males; Estimate; Population 25 years and over - 9th to 12th grade, no diploma","Males; Margin of Error; Population 25 years and over - 9th to 12th grade, no diploma","Percent Males; Estimate; Population 25 years and over - 9th to 12th grade, no diploma","Percent Males; Margin of Error; Population 25 years and over - 9th to 12th grade, no diploma","Females; Estimate; Population 25 years and over - 9th to 12th grade, no diploma","Females; Margin of Error; Population 25 years and over - 9th to 12th grade, no diploma","Percent Females; Estimate; Population 25 years and over - 9th to 12th grade, no diploma","Percent Females; Margin of Error; Population 25 years and over - 9th to 12th grade, no diploma",Total; Estimate; Population 25 years and over - High school graduate (includes equivalency),Total; Margin of Error; Population 25 years and over - High school graduate (includes equivalency),Percent; Estimate; Population 25 years and over - High school graduate (includes equivalency),Percent; Margin of Error; Population 25 years and over - High school graduate (includes equivalency),Males; Estimate; Population 25 years and over - High school graduate (includes equivalency),Males; Margin of Error; Population 25 years and over - High school graduate (includes equivalency),Percent Males; Estimate; Population 25 years and over - High school graduate (includes equivalency),Percent Males; Margin of Error; Population 25 years and over - High school graduate (includes equivalency),Females; Estimate; Population 25 years and over - High school graduate (includes equivalency),Females; Margin of Error; Population 25 years and over - High school graduate (includes equivalency),Percent Females; Estimate; Population 25 years and over - High school graduate (includes equivalency),Percent Females; Margin of Error; Population 25 years and over - High school graduate (includes equivalency),"Total; Estimate; Population 25 years and over - Some college, no degree","Total; Margin of Error; Population 25 years and over - Some college, no degree","Percent; Estimate; Population 25 years and over - Some college, no degree","Percent; Margin of Error; Population 25 years and over - Some college, no degree","Males; Estimate; Population 25 years and over - Some college, no degree","Males; Margin of Error; Population 25 years and over - Some college, no degree","Percent Males; Estimate; Population 25 years and over - Some college, no degree","Percent Males; Margin of Error; Population 25 years and over - Some college, no degree","Females; Estimate; Population 25 years and over - Some college, no degree","Females; Margin of Error; Population 25 years and over - Some college, no degree","Percent Females; Estimate; Population 25 years and over - Some college, no degree","Percent Females; Margin of Error; Population 25 years and over - Some college, no degree",Total; Estimate; Population 25 years and over - Associate's degree,Total; Margin of Error; Population 25 years and over - Associate's degree,Percent; Estimate; Population 25 years and over - Associate's degree,Percent; Margin of Error; Population 25 years and over - Associate's degree,Males; Estimate; Population 25 years and over - Associate's degree,Males; Margin of Error; Population 25 years and over - Associate's degree,Percent Males; Estimate; Population 25 years and over - Associate's degree,Percent Males; Margin of Error; Population 25 years and over - Associate's degree,Females; Estimate; Population 25 years and over - Associate's degree,Females; Margin of Error; Population 25 years and over - Associate's degree,Percent Females; Estimate; Population 25 years and over - Associate's degree,Percent Females; Margin of Error; Population 25 years and over - Associate's degree,Total; Estimate; Population 25 years and over - Bachelor's degree,Total; Margin of Error; Population 25 years and over - Bachelor's degree,Percent; Estimate; Population 25 years and over - Bachelor's degree,Percent; Margin of Error; Population 25 years and over - Bachelor's degree,Males; Estimate; Population 25 years and over - Bachelor's degree,Males; Margin of Error; Population 25 years and over - Bachelor's degree,Percent Males; Estimate; Population 25 years and over - Bachelor's degree,Percent Males; Margin of Error; Population 25 years and over - Bachelor's degree,Females; Estimate; Population 25 years and over - Bachelor's degree,Females; Margin of Error; Population 25 years and over - Bachelor's degree,Percent Females; Estimate; Population 25 years and over - Bachelor's degree,Percent Females; Margin of Error; Population 25 years and over - Bachelor's degree,Total; Estimate; Population 25 years and over - Graduate or professional degree,Total; Margin of Error; Population 25 years and over - Graduate or professional degree,Percent; Estimate; Population 25 years and over - Graduate or professional degree,Percent; Margin of Error; Population 25 years and over - Graduate or professional degree,Males; Estimate; Population 25 years and over - Graduate or professional degree,Males; Margin of Error; Population 25 years and over - Graduate or professional degree,Percent Males; Estimate; Population 25 years and over - Graduate or professional degree,Percent Males; Margin of Error; Population 25 years and over - Graduate or professional degree,Females; Estimate; Population 25 years and over - Graduate or professional degree,Females; Margin of Error; Population 25 years and over - Graduate or professional degree,Percent Females; Estimate; Population 25 years and over - Graduate or professional degree,Percent Females; Margin of Error; Population 25 years and over - Graduate or professional degree,Total; Estimate; Population 25 to 34 years,Total; Margin of Error; Population 25 to 34 years,Percent; Estimate; Population 25 to 34 years,Percent; Margin of Error; Population 25 to 34 years,Males; Estimate; Population 25 to 34 years,Males; Margin of Error; Population 25 to 34 years,Percent Males; Estimate; Population 25 to 34 years,Percent Males; Margin of Error; Population 25 to 34 years,Females; Estimate; Population 25 to 34 years,Females; Margin of Error; Population 25 to 34 years,Percent Females; Estimate; Population 25 to 34 years,Percent Females; Margin of Error; Population 25 to 34 years,Total; Estimate; Population 25 to 34 years - Bachelor's degree or higher,Total; Margin of Error; Population 25 to 34 years - Bachelor's degree or higher,Percent; Estimate; Population 25 to 34 years - Bachelor's degree or higher,Percent; Margin of Error; Population 25 to 34 years - Bachelor's degree or higher,Males; Estimate; Population 25 to 34 years - Bachelor's degree or higher,Males; Margin of Error; Population 25 to 34 years - Bachelor's degree or higher,Percent Males; Estimate; Population 25 to 34 years - Bachelor's degree or higher,Percent Males; Margin of Error; Population 25 to 34 years - Bachelor's degree or higher,Females; Estimate; Population 25 to 34 years - Bachelor's degree or higher,Females; Margin of Error; Population 25 to 34 years - Bachelor's degree or higher,Percent Females; Estimate; Population 25 to 34 years - Bachelor's degree or higher,Percent Females; Margin of Error; Population 25 to 34 years - Bachelor's degree or higher,Total; Estimate; Population 35 to 44 years,Total; Margin of Error; Population 35 to 44 years,Percent; Estimate; Population 35 to 44 years,Percent; Margin of Error; Population 35 to 44 years,Males; Estimate; Population 35 to 44 years,Males; Margin of Error; Population 35 to 44 years,Percent Males; Estimate; Population 35 to 44 years,Percent Males; Margin of Error; Population 35 to 44 years,Females; Estimate; Population 35 to 44 years,Females; Margin of Error; Population 35 to 44 years,Percent Females; Estimate; Population 35 to 44 years,Percent Females; Margin of Error; Population 35 to 44 years,Total; Estimate; Population 35 to 44 years - Bachelor's degree or higher,Total; Margin of Error; Population 35 to 44 years - Bachelor's degree or higher,Percent; Estimate; Population 35 to 44 years - Bachelor's degree or higher,Percent; Margin of Error; Population 35 to 44 years - Bachelor's degree or higher,Males; Estimate; Population 35 to 44 years - Bachelor's degree or higher,Males; Margin of Error; Population 35 to 44 years - Bachelor's degree or higher,Percent Males; Estimate; Population 35 to 44 years - Bachelor's degree or higher,Percent Males; Margin of Error; Population 35 to 44 years - Bachelor's degree or higher,Females; Estimate; Population 35 to 44 years - Bachelor's degree or higher,Females; Margin of Error; Population 35 to 44 years - Bachelor's degree or higher,Percent Females; Estimate; Population 35 to 44 years - Bachelor's degree or higher,Percent Females; Margin of Error; Population 35 to 44 years - Bachelor's degree or higher,Total; Estimate; Population 45 to 64 years,Total; Margin of Error; Population 45 to 64 years,Percent; Estimate; Population 45 to 64 years,Percent; Margin of Error; Population 45 to 64 years,Males; Estimate; Population 45 to 64 years,Males; Margin of Error; Population 45 to 64 years,Percent Males; Estimate; Population 45 to 64 years,Percent Males; Margin of Error; Population 45 to 64 years,Females; Estimate; Population 45 to 64 years,Females; Margin of Error; Population 45 to 64 years,Percent Females; Estimate; Population 45 to 64 years,Percent Females; Margin of Error; Population 45 to 64 years,Total; Estimate; Population 45 to 64 years - Bachelor's degree or higher,Total; Margin of Error; Population 45 to 64 years - Bachelor's degree or higher,Percent; Estimate; Population 45 to 64 years - Bachelor's degree or higher,Percent; Margin of Error; Population 45 to 64 years - Bachelor's degree or higher,Males; Estimate; Population 45 to 64 years - Bachelor's degree or higher,Males; Margin of Error; Population 45 to 64 years - Bachelor's degree or higher,Percent Males; Estimate; Population 45 to 64 years - Bachelor's degree or higher,Percent Males; Margin of Error; Population 45 to 64 years - Bachelor's degree or higher,Females; Estimate; Population 45 to 64 years - Bachelor's degree or higher,Females; Margin of Error; Population 45 to 64 years - Bachelor's degree or higher,Percent Females; Estimate; Population 45 to 64 years - Bachelor's degree or higher,Percent Females; Margin of Error; Population 45 to 64 years - Bachelor's degree or higher,Total; Estimate; Population 65 years and over,Total; Margin of Error; Population 65 years and over,Percent; Estimate; Population 65 years and over,Percent; Margin of Error; Population 65 years and over,Males; Estimate; Population 65 years and over,Males; Margin of Error; Population 65 years and over,Percent Males; Estimate; Population 65 years and over,Percent Males; Margin of Error; Population 65 years and over,Females; Estimate; Population 65 years and over,Females; Margin of Error; Population 65 years and over,Percent Females; Estimate; Population 65 years and over,Percent Females; Margin of Error; Population 65 years and over,Total; Estimate; Population 65 years and over - Bachelor's degree or higher,Total; Margin of Error; Population 65 years and over - Bachelor's degree or higher,Percent; Estimate; Population 65 years and over - Bachelor's degree or higher,Percent; Margin of Error; Population 65 years and over - Bachelor's degree or higher,Males; Estimate; Population 65 years and over - Bachelor's degree or higher,Males; Margin of Error; Population 65 years and over - Bachelor's degree or higher,Percent Males; Estimate; Population 65 years and over - Bachelor's degree or higher,Percent Males; Margin of Error; Population 65 years and over - Bachelor's degree or higher,Females; Estimate; Population 65 years and over - Bachelor's degree or higher,Females; Margin of Error; Population 65 years and over - Bachelor's degree or higher,Percent Females; Estimate; Population 65 years and over - Bachelor's degree or higher,Percent Females; Margin of Error; Population 65 years and over - Bachelor's degree or higher
0400000US01,1,Alabama,474567,1090,(X),(X),239256,794,(X),(X),235311,579,(X),(X),34870,1548,7.3,0.3,13562,878,5.7,0.4,21308,1115,9.1,0.5,3261408,1091,(X),(X),1543623,995,(X),(X),1717785,776,(X),(X),162018,3045,5,0.1,84217,1962,5.5,0.1,77801,1778,4.5,0.1,334018,4751,10.2,0.1,167876,2912,10.9,0.2,166142,2927,9.7,0.2,1009593,6590,31,0.2,493922,4648,32,0.3,515671,4319,30,0.3,714201,5248,21.9,0.2,327705,4265,21.2,0.3,386496,3237,22.5,0.2,258502,3364,7.9,0.1,103244,2347,6.7,0.2,155258,2471,9,0.1,492382,4543,15.1,0.1,232768,2657,15.1,0.2,259614,3164,15.1,0.2,290694,4164,8.9,0.1,133891,2378,8.7,0.2,156803,2742,9.1,0.2,626564,1388,(X),(X),308163,1038,(X),(X),318401,631,(X),(X),162233,2657,25.9,0.4,69150,1615,22.4,0.5,93083,1919,29.2,0.6,606216,1149,(X),(X),295922,796,(X),(X),310294,743,(X),(X),164639,3141,27.2,0.5,71674,1970,24.2,0.7,92965,1845,30,0.6,1286234,1119,(X),(X),619106,865,(X),(X),667128,750,(X),(X),307251,3784,23.9,0.3,143804,2313,23.2,0.4,163447,2213,24.5,0.3,742394,510,(X),(X),320432,402,(X),(X),421962,387,(X),(X),148953,1976,20.1,0.3,82031,1217,25.6,0.4,66922,1450,15.9,0.3
0400000US02,2,Alaska,78540,438,(X),(X),44517,357,(X),(X),34023,236,(X),(X),5011,524,6.4,0.7,1961,344,4.4,0.8,3050,407,9,1.2,470699,454,(X),(X),244249,399,(X),(X),226450,341,(X),(X),12849,831,2.7,0.2,5861,565,2.4,0.2,6988,553,3.1,0.2,23183,1072,4.9,0.2,12929,750,5.3,0.3,10254,677,4.5,0.3,130511,2197,27.7,0.5,75089,1509,30.7,0.6,55422,1513,24.5,0.7,129498,1897,27.5,0.4,68142,1387,27.9,0.6,61356,1390,27.1,0.6,39133,1368,8.3,0.3,18975,926,7.8,0.4,20158,971,8.9,0.4,86551,1728,18.4,0.4,39697,1113,16.3,0.5,46854,1313,20.7,0.6,48974,1439,10.4,0.3,23556,950,9.6,0.4,25418,1080,11.2,0.5,115775,589,(X),(X),61214,439,(X),(X),54561,366,(X),(X),30827,1118,26.6,1,12889,601,21.1,1,17938,836,32.9,1.5,92056,455,(X),(X),48028,348,(X),(X),44028,270,(X),(X),28230,993,30.7,1.1,12762,629,26.6,1.3,15468,686,35.1,1.6,193563,490,(X),(X),100813,421,(X),(X),92750,328,(X),(X),56112,1411,29,0.7,26640,869,26.4,0.9,29472,856,31.8,0.9,69305,317,(X),(X),34194,153,(X),(X),35111,250,(X),(X),20356,854,29.4,1.3,10962,574,32.1,1.7,9394,553,26.8,1.6
0400000US04,4,Arizona,668324,623,(X),(X),346529,574,(X),(X),321795,265,(X),(X),49428,1935,7.4,0.3,20630,1153,6,0.3,28798,1358,8.9,0.4,4440635,640,(X),(X),2171230,590,(X),(X),2269405,371,(X),(X),270834,4131,6.1,0.1,133830,2389,6.2,0.1,137004,2615,6,0.1,340409,4332,7.7,0.1,176494,2760,8.1,0.1,163915,2955,7.2,0.1,1078358,6475,24.3,0.1,528217,4401,24.3,0.2,550141,4399,24.2,0.2,1130402,6183,25.5,0.1,541203,4730,24.9,0.2,589199,3760,26,0.2,379207,4870,8.5,0.1,173125,2783,8,0.1,206082,3442,9.1,0.2,777681,6279,17.5,0.1,382200,3825,17.6,0.2,395481,3918,17.4,0.2,463744,4405,10.4,0.1,236161,2816,10.9,0.1,227583,2866,10,0.1,899711,752,(X),(X),463765,632,(X),(X),435946,352,(X),(X),238257,3342,26.5,0.4,108158,2252,23.3,0.5,130099,2203,29.8,0.5,835719,506,(X),(X),421711,421,(X),(X),414008,266,(X),(X),247374,3271,29.6,0.4,117189,2075,27.8,0.5,130185,2148,31.4,0.5,1635054,582,(X),(X),793729,499,(X),(X),841325,273,(X),(X),460079,4127,28.1,0.3,226092,2589,28.5,0.3,233987,2403,27.8,0.3,1070151,301,(X),(X),492025,189,(X),(X),578126,211,(X),(X),295715,2781,27.6,0.3,166922,2060,33.9,0.4,128793,1705,22.3,0.3
0400000US05,5,Arkansas,287647,949,(X),(X),146603,679,(X),(X),141044,583,(X),(X),21085,1155,7.3,0.4,8434,765,5.8,0.5,12651,937,9,0.7,1973591,1063,(X),(X),948560,912,(X),(X),1025031,785,(X),(X),106297,2224,5.4,0.1,54633,1598,5.8,0.2,51664,1457,5,0.1,185931,2710,9.4,0.1,94499,1957,10,0.2,91432,1856,8.9,0.2,683886,5184,34.7,0.3,345231,3766,36.4,0.4,338655,2850,33,0.3,446027,4132,22.6,0.2,207192,2998,21.8,0.3,238835,2803,23.3,0.3,127004,2486,6.4,0.1,49794,1578,5.2,0.2,77210,1723,7.5,0.2,273557,3658,13.9,0.2,127396,2326,13.4,0.2,146161,2398,14.3,0.2,150889,2923,7.6,0.1,69815,1956,7.4,0.2,81074,1997,7.9,0.2,385316,1225,(X),(X),192582,860,(X),(X),192734,757,(X),(X),91457,2114,23.7,0.6,39493,1207,20.5,0.6,51964,1423,27,0.8,367023,1088,(X),(X),182400,743,(X),(X),184623,709,(X),(X),91478,1875,24.9,0.5,40495,1155,22.2,0.6,50983,1257,27.6,0.7,756265,1039,(X),(X),367927,753,(X),(X),388338,694,(X),(X),158741,2663,21,0.3,72089,1806,19.6,0.5,86652,1709,22.3,0.4,464987,504,(X),(X),205651,325,(X),(X),259336,421,(X),(X),82770,1833,17.8,0.4,45134,1162,21.9,0.6,37636,1131,14.5,0.4
0400000US06,6,California,3959511,974,(X),(X),2046863,650,(X),(X),1912648,652,(X),(X),377702,4595,9.5,0.1,160833,2627,7.9,0.1,216869,3419,11.3,0.2,25554412,1078,(X),(X),12485239,835,(X),(X),13069173,715,(X),(X),2524636,16287,9.9,0.1,1202026,8722,9.6,0.1,1322610,9283,10.1,0.1,2048327,10429,8,0.1,1072519,7149,8.6,0.1,975808,6009,7.5,0.1,5260904,22760,20.6,0.1,2630598,14115,21.1,0.1,2630306,12694,20.1,0.1,5548479,14933,21.7,0.1,2678885,10348,21.5,0.1,2869594,10733,22,0.1,1995579,11558,7.8,0.1,885539,5984,7.1,0.1,1110040,8703,8.5,0.1,5136043,16758,20.1,0.1,2473581,10719,19.8,0.1,2662462,10026,20.4,0.1,3040444,19282,11.9,0.1,1542091,10045,12.4,0.1,1498353,10829,11.5,0.1,5701167,1172,(X),(X),2925089,806,(X),(X),2776078,890,(X),(X),1916280,10654,33.6,0.2,881331,5735,30.1,0.2,1034949,6424,37.3,0.2,5159031,982,(X),(X),2588095,643,(X),(X),2570936,710,(X),(X),1766149,11099,34.2,0.2,837929,6304,32.4,0.2,928220,6440,36.1,0.3,9717232,1106,(X),(X),4774998,763,(X),(X),4942234,673,(X),(X),3024682,13294,31.1,0.1,1507274,7731,31.6,0.2,1517408,7817,30.7,0.2,4976982,612,(X),(X),2197057,416,(X),(X),2779925,426,(X),(X),1469376,6662,29.5,0.1,789138,4276,35.9,0.2,680238,4943,24.5,0.2
0400000US08,8,Colorado,522764,802,(X),(X),272816,593,(X),(X),249948,579,(X),(X),58276,1883,11.1,0.4,24210,1180,8.9,0.4,34066,1360,13.6,0.5,3590350,900,(X),(X),1779387,819,(X),(X),1810963,754,(X),(X),133525,2830,3.7,0.1,70660,2018,4,0.1,62865,1501,3.5,0.1,190166,3206,5.3,0.1,100740,2332,5.7,0.1,89426,2202,4.9,0.1,780033,6019,21.7,0.2,395393,3735,22.2,0.2,384640,3711,21.2,0.2,795294,5276,22.2,0.1,390298,3580,21.9,0.2,404996,3723,22.4,0.2,301602,4156,8.4,0.1,137985,2533,7.8,0.1,163617,2934,9,0.2,874953,6450,24.4,0.2,429138,3866,24.1,0.2,445815,4583,24.6,0.3,514777,5263,14.3,0.1,255173,3125,14.3,0.2,259604,3358,14.3,0.2,798010,1005,(X),(X),412732,748,(X),(X),385278,611,(X),(X),309473,3485,38.8,0.4,142075,2152,34.4,0.5,167398,2214,43.4,0.6,724366,784,(X),(X),372065,639,(X),(X),352301,454,(X),(X),306991,3020,42.4,0.4,146467,1700,39.4,0.4,160524,2224,45.6,0.6,1389934,1063,(X),(X),686996,847,(X),(X),702938,566,(X),(X),536107,4179,38.6,0.3,264148,2690,38.4,0.4,271959,2614,38.7,0.4,678040,461,(X),(X),307594,333,(X),(X),370446,286,(X),(X),237159,2293,35,0.3,131621,1466,42.8,0.5,105538,1589,28.5,0.4
0400000US09,9,Connecticut,348789,393,(X),(X),180215,263,(X),(X),168574,261,(X),(X),49505,1557,14.2,0.4,22605,1090,12.5,0.6,26900,1143,16,0.7,2466129,406,(X),(X),1174534,335,(X),(X),1291595,299,(X),(X),103279,2408,4.2,0.1,50371,1485,4.3,0.1,52908,1637,4.1,0.1,139653,2650,5.7,0.1,70494,1766,6,0.2,69159,1706,5.4,0.1,673220,5300,27.3,0.2,334909,3811,28.5,0.3,338311,2752,26.2,0.2,427232,4160,17.3,0.2,200081,3137,17,0.3,227151,2706,17.6,0.2,184426,2984,7.5,0.1,72499,1827,6.2,0.2,111927,2074,8.7,0.2,524370,4667,21.3,0.2,251000,2791,21.4,0.2,273370,3128,21.2,0.2,413949,4835,16.8,0.2,195180,2792,16.6,0.2,218769,3062,16.9,0.2,438471,596,(X),(X),220790,412,(X),(X),217681,333,(X),(X),183834,2392,41.9,0.5,81309,1508,36.8,0.7,102525,1837,47.1,0.8,439606,440,(X),(X),214903,352,(X),(X),224703,222,(X),(X),188916,2854,43,0.6,85338,1591,39.7,0.7,103578,1772,46.1,0.8,1033029,445,(X),(X),500581,371,(X),(X),532448,280,(X),(X),398099,3491,38.5,0.3,190912,2391,38.1,0.5,207187,1815,38.9,0.3,555023,197,(X),(X),238260,160,(X),(X),316763,131,(X),(X),167470,2279,30.2,0.4,88621,1553,37.2,0.7,78849,1415,24.9,0.4
0400000US10,10,Delaware,89588,203,(X),(X),44959,94,(X),(X),44629,168,(X),(X),9353,651,10.4,0.7,3722,387,8.3,0.9,5631,504,12.6,1.1,640915,198,(X),(X),303763,103,(X),(X),337152,162,(X),(X),24114,1148,3.8,0.2,13132,738,4.3,0.2,10982,718,3.3,0.2,47632,1328,7.4,0.2,24855,964,8.2,0.3,22777,971,6.8,0.3,199461,2872,31.1,0.4,96540,1882,31.8,0.6,102921,1770,30.5,0.5,124796,2303,19.5,0.4,57179,1419,18.8,0.5,67617,1713,20.1,0.5,49591,1569,7.7,0.2,20212,955,6.7,0.3,29379,1168,8.7,0.3,115770,2151,18.1,0.3,54304,1279,17.9,0.4,61466,1494,18.2,0.4,79551,2111,12.4,0.3,37541,1334,12.4,0.4,42010,1279,12.5,0.4,122685,180,(X),(X),61097,123,(X),(X),61588,125,(X),(X),41065,1311,33.5,1.1,18173,862,29.7,1.4,22892,812,37.2,1.3,110467,192,(X),(X),53713,131,(X),(X),56754,134,(X),(X),38512,1301,34.9,1.2,16830,729,31.3,1.4,21682,865,38.2,1.5,253930,140,(X),(X),120668,110,(X),(X),133262,70,(X),(X),76156,1804,30,0.7,35204,948,29.2,0.8,40952,1194,30.7,0.9,153833,47,(X),(X),68285,48,(X),(X),85548,4,(X),(X),39588,1137,25.7,0.7,21638,702,31.7,1,17950,727,21,0.8
0400000US11,11,District of Columbia,81327,110,(X),(X),37275,92,(X),(X),44052,72,(X),(X),18885,895,23.2,1.1,6849,549,18.4,1.5,12036,674,27.3,1.5,462997,77,(X),(X),217550,99,(X),(X),245447,134,(X),(X),18612,1034,4,0.2,9026,744,4.1,0.3,9586,620,3.9,0.3,27898,1275,6,0.3,13551,915,6.2,0.4,14347,855,5.8,0.3,83367,2062,18,0.4,38181,1261,17.6,0.6,45186,1203,18.4,0.5,62308,1570,13.5,0.3,27162,1127,12.5,0.5,35146,1012,14.3,0.4,14496,801,3.1,0.2,6210,536,2.9,0.2,8286,645,3.4,0.3,108252,1685,23.4,0.4,52872,1175,24.3,0.5,55380,1370,22.6,0.6,148064,2062,32,0.4,70548,1367,32.4,0.6,77516,1363,31.6,0.6,149223,160,(X),(X),70063,31,(X),(X),79160,165,(X),(X),104155,1079,69.8,0.7,47513,733,67.8,1,56642,818,71.6,1,92780,135,(X),(X),46140,100,(X),(X),46640,69,(X),(X),56171,912,60.5,1,28409,692,61.6,1.5,27762,594,59.5,1.3,145828,96,(X),(X),70845,56,(X),(X),74983,81,(X),(X),65925,1178,45.2,0.8,33214,827,46.9,1.2,32711,798,43.6,1.1,75166,54,(X),(X),30502,4,(X),(X),44664,54,(X),(X),30065,724,40,1,14284,417,46.8,1.4,15781,549,35.3,1.2
0400000US12,12,Florida,1774488,1397,(X),(X),911184,1018,(X),(X),863304,885,(X),(X),148085,3934,8.3,0.2,59331,2086,6.5,0.2,88754,2608,10.3,0.3,14093687,1434,(X),(X),6753212,1240,(X),(X),7340475,947,(X),(X),735841,8549,5.2,0.1,362833,5233,5.4,0.1,373008,5215,5.1,0.1,1071545,7817,7.6,0.1,559948,6049,8.3,0.1,511597,4926,7,0.1,4111029,21127,29.2,0.2,1970796,13945,29.2,0.2,2140233,11311,29.2,0.2,2897250,13316,20.6,0.1,1361322,8184,20.2,0.1,1535928,10333,20.9,0.1,1348226,7707,9.6,0.1,577639,5342,8.6,0.1,770587,6141,10.5,0.1,2514297,12692,17.8,0.1,1209847,7861,17.9,0.1,1304450,8852,17.8,0.1,1415499,12957,10,0.1,710827,7876,10.5,0.1,704672,7137,9.6,0.1,2532527,1479,(X),(X),1277615,1071,(X),(X),1254912,905,(X),(X),715813,7666,28.3,0.3,309939,4655,24.3,0.4,405874,4966,32.3,0.4,2434272,1554,(X),(X),1206776,1170,(X),(X),1227496,832,(X),(X),739405,8001,30.4,0.3,332133,4690,27.5,0.4,407272,4878,33.2,0.4,5329263,1678,(X),(X),2565037,1358,(X),(X),2764226,857,(X),(X),1484377,10109,27.9,0.2,720391,6411,28.1,0.2,763986,6103,27.6,0.2,3797625,733,(X),(X),1703784,511,(X),(X),2093841,596,(X),(X),990201,6656,26.1,0.2,558211,4243,32.8,0.2,431990,4583,20.6,0.2
0400000US13,13,Georgia,1014683,1556,(X),(X),518976,1092,(X),(X),495707,1055,(X),(X),84277,2352,8.3,0.2,34316,1513,6.6,0.3,49961,1941,10.1,0.4,6589462,1976,(X),(X),3132352,1561,(X),(X),3457110,1313,(X),(X),344716,4857,5.2,0.1,179089,3043,5.7,0.1,165627,2933,4.8,0.1,588094,6423,8.9,0.1,304399,4274,9.7,0.1,283695,3566,8.2,0.1,1850601,10775,28.1,0.2,913504,6559,29.2,0.2,937097,6456,27.1,0.2,1383193,8135,21,0.1,631880,5364,20.2,0.2,751313,5256,21.7,0.2,484768,5810,7.4,0.1,199153,3415,6.4,0.1,285615,4464,8.3,0.1,1208700,8502,18.3,0.1,573451,4352,18.3,0.1,635249,5773,18.4,0.2,729390,7675,11.1,0.1,330876,4146,10.6,0.1,398514,5411,11.5,0.2,1378980,1841,(X),(X),680829,1361,(X),(X),698151,1258,(X),(X),419391,4880,30.4,0.3,178083,2621,26.2,0.4,241308,3381,34.6,0.5,1375596,1685,(X),(X),666732,1321,(X),(X),708864,1051,(X),(X),457606,5466,33.3,0.4,200773,2816,30.1,0.4,256833,3732,36.2,0.5,2588591,1690,(X),(X),1244887,1216,(X),(X),1343704,1155,(X),(X),767746,6824,29.7,0.3,366710,4074,29.5,0.3,401036,4117,29.8,0.3,1246295,1003,(X),(X),539904,710,(X),(X),706391,659,(X),(X),293347,3115,23.5,0.2,158761,2011,29.4,0.4,134586,2099,19.1,0.3
0400000US15,15,Hawaii,132512,140,(X),(X),72754,104,(X),(X),59758,120,(X),(X),11365,736,8.6,0.6,4528,475,6.2,0.7,6837,505,11.4,0.8,972945,144,(X),(X),478824,116,(X),(X),494121,125,(X),(X),38415,1563,3.9,0.2,15661,903,3.3,0.2,22754,1015,4.6,0.2,46528,1509,4.8,0.2,24203,948,5.1,0.2,22325,1105,4.5,0.2,270583,3344,27.8,0.3,139415,2155,29.1,0.4,131168,2069,26.5,0.4,211228,2856,21.7,0.3,107391,1672,22.4,0.3,103837,1952,21,0.4,100990,2126,10.4,0.2,48412,1440,10.1,0.3,52578,1441,10.6,0.3,201712,2652,20.7,0.3,94653,1780,19.8,0.4,107059,1679,21.7,0.3,103489,1988,10.6,0.2,49089,1187,10.3,0.2,54400,1414,11,0.3,203249,248,(X),(X),105921,190,(X),(X),97328,167,(X),(X),62300,1353,30.7,0.7,26802,876,25.3,0.8,35498,957,36.5,1,176240,234,(X),(X),89474,154,(X),(X),86766,147,(X),(X),61274,1447,34.8,0.8,27643,897,30.9,1,33631,1074,38.8,1.2,365842,229,(X),(X),181512,167,(X),(X),184330,163,(X),(X),118642,2139,32.4,0.6,56425,1391,31.1,0.8,62217,1303,33.8,0.7,227614,123,(X),(X),101917,66,(X),(X),125697,107,(X),(X),62985,1298,27.7,0.6,32872,853,32.3,0.8,30113,822,24,0.7
0400000US16,16,Idaho,156557,570,(X),(X),81114,374,(X),(X),75443,459,(X),(X),9825,708,6.3,0.5,3552,477,4.4,0.6,6273,484,8.3,0.6,1047606,701,(X),(X),517628,561,(X),(X),529978,694,(X),(X),39750,1257,3.8,0.1,21389,900,4.1,0.2,18361,852,3.5,0.2,65420,2073,6.2,0.2,34658,1561,6.7,0.3,30762,1244,5.8,0.2,289085,4547,27.6,0.4,145018,3015,28,0.6,144067,2475,27.2,0.5,280534,2907,26.8,0.3,131070,2122,25.3,0.4,149464,2107,28.2,0.4,97833,2207,9.3,0.2,44832,1623,8.7,0.3,53001,1356,10,0.3,187399,2748,17.9,0.3,91670,1856,17.7,0.4,95729,1818,18.1,0.3,87585,2224,8.4,0.2,48991,1594,9.5,0.3,38594,1401,7.3,0.3,214278,784,(X),(X),108675,492,(X),(X),105603,589,(X),(X),54254,1621,25.3,0.8,25086,998,23.1,0.9,29168,1083,27.6,1,200434,699,(X),(X),101390,522,(X),(X),99044,483,(X),(X),60560,1736,30.2,0.9,29955,1083,29.5,1,30605,1088,30.9,1.1,399548,883,(X),(X),197838,557,(X),(X),201710,602,(X),(X),103653,2045,25.9,0.5,52512,1320,26.5,0.7,51141,1424,25.4,0.7,233346,416,(X),(X),109725,300,(X),(X),123621,309,(X),(X),56517,1552,24.2,0.7,33108,999,30.2,0.9,23409,942,18.9,0.8
0400000US17,17,Illinois,1242771,801,(X),(X),634154,658,(X),(X),608617,628,(X),(X),159240,2892,12.8,0.2,67991,1848,10.7,0.3,91249,1945,15,0.3,8618284,936,(X),(X),4150730,853,(X),(X),4467554,809,(X),(X),454757,5520,5.3,0.1,225695,3083,5.4,0.1,229062,3543,5.1,0.1,553851,5078,6.4,0.1,287236,3423,6.9,0.1,266615,3234,6,0.1,2287126,11083,26.5,0.1,1126624,6374,27.1,0.2,1160502,6669,26,0.2,1815860,7437,21.1,0.1,867950,5401,20.9,0.1,947910,4945,21.2,0.1,671821,5726,7.8,0.1,292946,3855,7.1,0.1,378875,3736,8.5,0.1,1744260,9324,20.2,0.1,833068,6111,20.1,0.1,911192,5818,20.4,0.1,1090609,9467,12.7,0.1,517211,5085,12.5,0.1,573398,5682,12.8,0.1,1780279,999,(X),(X),896230,780,(X),(X),884049,678,(X),(X),713464,5755,40.1,0.3,321838,3089,35.9,0.3,391626,3465,44.3,0.4,1672366,836,(X),(X),834164,647,(X),(X),838202,590,(X),(X),627162,5909,37.5,0.4,290193,3411,34.8,0.4,336969,3574,40.2,0.4,3381542,1010,(X),(X),1652607,760,(X),(X),1728935,717,(X),(X),1071268,5495,31.7,0.2,516284,3501,31.2,0.2,554984,3516,32.1,0.2,1784097,595,(X),(X),767729,329,(X),(X),1016368,480,(X),(X),422975,3667,23.7,0.2,221964,2353,28.9,0.3,201011,2177,19.8,0.2
0400000US18,18,Indiana,667899,984,(X),(X),341530,812,(X),(X),326369,696,(X),(X),61134,1934,9.2,0.3,26179,1234,7.7,0.4,34955,1341,10.7,0.4,4339687,1309,(X),(X),2095203,1038,(X),(X),2244484,892,(X),(X),169321,3021,3.9,0.1,87971,2013,4.2,0.1,81350,1861,3.6,0.1,348137,4808,8,0.1,174398,3148,8.3,0.1,173739,2896,7.7,0.1,1486051,8047,34.2,0.2,737797,5232,35.2,0.3,748254,4541,33.3,0.2,903839,4791,20.8,0.1,431739,3728,20.6,0.2,472100,3516,21,0.2,364277,3987,8.4,0.1,155024,2527,7.4,0.1,209253,2654,9.3,0.1,681986,7057,15.7,0.2,324545,4262,15.5,0.2,357441,4746,15.9,0.2,386076,4433,8.9,0.1,183729,2979,8.8,0.1,202347,2912,9,0.1,845708,1160,(X),(X),424217,966,(X),(X),421491,748,(X),(X),247305,3525,29.2,0.4,109189,2171,25.7,0.5,138116,2406,32.8,0.6,822044,1117,(X),(X),411047,809,(X),(X),410997,792,(X),(X),234101,3795,28.5,0.4,105808,2163,25.7,0.5,128293,2263,31.2,0.5,1731612,1256,(X),(X),850935,850,(X),(X),880677,874,(X),(X),412763,4246,23.8,0.2,199666,2593,23.5,0.3,213097,2771,24.2,0.3,940323,708,(X),(X),409004,494,(X),(X),531319,548,(X),(X),173893,2399,18.5,0.3,93611,1672,22.9,0.4,80282,1449,15.1,0.3
0400000US19,19,Iowa,320235,916,(X),(X),164878,789,(X),(X),155357,522,(X),(X),33203,1311,10.4,0.4,13938,920,8.5,0.5,19265,919,12.4,0.6,2058840,836,(X),(X),1005462,794,(X),(X),1053378,644,(X),(X),65821,1492,3.2,0.1,34668,1141,3.4,0.1,31153,884,3,0.1,104145,1798,5.1,0.1,56788,1163,5.6,0.1,47357,1362,4.5,0.1,656680,4290,31.9,0.2,338191,3026,33.6,0.3,318489,2297,30.2,0.2,441134,3633,21.4,0.2,211053,2736,21,0.3,230081,2200,21.8,0.2,231629,2689,11.3,0.1,99667,1878,9.9,0.2,131962,2083,12.5,0.2,379649,4029,18.4,0.2,176055,2589,17.5,0.3,203594,2254,19.3,0.2,179782,2596,8.7,0.1,89040,1593,8.9,0.2,90742,1651,8.6,0.2,391277,930,(X),(X),200301,685,(X),(X),190976,619,(X),(X),131847,2297,33.7,0.6,58808,1300,29.4,0.6,73039,1360,38.2,0.7,364624,880,(X),(X),184631,670,(X),(X),179993,526,(X),(X),122454,2139,33.6,0.6,54690,1326,29.6,0.7,67764,1332,37.6,0.7,812158,1005,(X),(X),405255,728,(X),(X),406903,543,(X),(X),208561,2578,25.7,0.3,100380,1566,24.8,0.4,108181,1531,26.6,0.4,490781,479,(X),(X),215275,325,(X),(X),275506,340,(X),(X),96569,1756,19.7,0.4,51217,1005,23.8,0.5,45352,1165,16.5,0.4
0400000US20,20,Kansas,298450,860,(X),(X),155909,527,(X),(X),142541,576,(X),(X),29064,1131,9.7,0.4,12317,868,7.9,0.6,16747,853,11.7,0.6,1878495,962,(X),(X),917004,715,(X),(X),961491,732,(X),(X),71161,1744,3.8,0.1,36483,1189,4,0.1,34678,1010,3.6,0.1,110888,1843,5.9,0.1,58190,1216,6.3,0.1,52698,1455,5.5,0.2,499895,3951,26.6,0.2,254857,2552,27.8,0.3,245038,2528,25.5,0.3,449787,3385,23.9,0.2,216195,2320,23.6,0.3,233592,2257,24.3,0.2,152963,2318,8.1,0.1,65031,1471,7.1,0.2,87932,1575,9.1,0.2,380391,3503,20.2,0.2,183386,2311,20,0.3,197005,2332,20.5,0.2,213410,2468,11.4,0.1,102862,1766,11.2,0.2,110548,1688,11.5,0.2,384327,905,(X),(X),196061,575,(X),(X),188266,647,(X),(X),132354,2061,34.4,0.5,58788,1317,30,0.7,73566,1487,39.1,0.8,345603,717,(X),(X),175221,550,(X),(X),170382,518,(X),(X),123257,2073,35.7,0.6,57322,1328,32.7,0.8,65935,1334,38.7,0.8,733038,838,(X),(X),362278,615,(X),(X),370760,626,(X),(X),233051,2431,31.8,0.3,113487,1563,31.3,0.4,119564,1685,32.2,0.5,415527,485,(X),(X),183444,321,(X),(X),232083,359,(X),(X),105139,1662,25.3,0.4,56651,936,30.9,0.5,48488,1051,20.9,0.4
0400000US21,21,Kentucky,427726,1210,(X),(X),220117,986,(X),(X),207609,673,(X),(X),34137,1437,8,0.3,14147,890,6.4,0.4,19990,1009,9.6,0.5,2970073,1162,(X),(X),1432667,1113,(X),(X),1537406,999,(X),(X),190711,2815,6.4,0.1,100302,1694,7,0.1,90409,1816,5.9,0.1,265469,3948,8.9,0.1,137962,2495,9.6,0.2,127507,2361,8.3,0.2,990322,6866,33.3,0.2,502882,4282,35.1,0.3,487440,4100,31.7,0.3,618001,5064,20.8,0.2,289055,2897,20.2,0.2,328946,3541,21.4,0.2,231405,3131,7.8,0.1,87774,2106,6.1,0.1,143631,2465,9.3,0.2,397154,4778,13.4,0.2,191827,2886,13.4,0.2,205327,2847,13.4,0.2,277011,4198,9.3,0.1,122865,2386,8.6,0.2,154146,2537,10,0.2,566828,1437,(X),(X),285295,1156,(X),(X),281533,775,(X),(X),152341,2715,26.9,0.5,66155,1496,23.2,0.5,86186,1962,30.6,0.7,560760,955,(X),(X),281220,786,(X),(X),279540,561,(X),(X),150734,2720,26.9,0.5,66459,1761,23.6,0.6,84275,1568,30.1,0.6,1189485,1238,(X),(X),580494,804,(X),(X),608991,962,(X),(X),257798,3016,21.7,0.2,121478,1870,20.9,0.3,136320,1984,22.4,0.3,653000,652,(X),(X),285658,355,(X),(X),367342,513,(X),(X),113292,1987,17.3,0.3,60600,1299,21.2,0.5,52692,1223,14.3,0.3
0400000US22,22,Louisiana,465669,1192,(X),(X),236565,954,(X),(X),229104,620,(X),(X),34572,1246,7.4,0.3,14282,857,6,0.4,20290,991,8.9,0.4,3065979,1257,(X),(X),1467269,987,(X),(X),1598710,701,(X),(X),171179,3218,5.6,0.1,95686,2365,6.5,0.2,75493,1857,4.7,0.1,325031,4943,10.6,0.2,170561,3292,11.6,0.2,154470,3198,9.7,0.2,1038591,7537,33.9,0.2,511525,4605,34.9,0.3,527066,4714,33,0.3,653009,5017,21.3,0.2,302722,3346,20.6,0.2,350287,3569,21.9,0.2,174294,2781,5.7,0.1,67190,1567,4.6,0.1,107104,2209,6.7,0.1,461804,5756,15.1,0.2,209302,3476,14.3,0.2,252502,3618,15.8,0.2,242071,3339,7.9,0.1,110283,2210,7.5,0.2,131788,2123,8.2,0.1,666210,1350,(X),(X),332105,866,(X),(X),334105,844,(X),(X),173340,3137,26,0.5,74196,2047,22.3,0.6,99144,1815,29.7,0.5,569307,1129,(X),(X),281618,826,(X),(X),287689,699,(X),(X),145928,2708,25.6,0.5,62097,1703,22.1,0.6,83831,1772,29.1,0.6,1196737,1240,(X),(X),578459,898,(X),(X),618278,635,(X),(X),259639,3589,21.7,0.3,118251,2174,20.4,0.4,141388,2303,22.9,0.4,633725,596,(X),(X),275087,403,(X),(X),358638,434,(X),(X),124968,2093,19.7,0.3,65041,1310,23.6,0.5,59927,1383,16.7,0.4
0400000US23,23,Maine,113356,483,(X),(X),58332,383,(X),(X),55024,299,(X),(X),11291,820,10,0.7,4882,543,8.4,0.9,6409,491,11.6,0.9,957066,506,(X),(X),459700,419,(X),(X),497366,334,(X),(X),27537,1062,2.9,0.1,14673,757,3.2,0.2,12864,696,2.6,0.1,49768,1503,5.2,0.2,28086,1069,6.1,0.2,21682,892,4.4,0.2,317373,3041,33.2,0.3,159841,2008,34.8,0.4,157532,1956,31.7,0.4,188695,2438,19.7,0.3,89429,1620,19.5,0.4,99266,1656,20,0.3,93123,1607,9.7,0.2,40158,899,8.7,0.2,52965,1350,10.6,0.3,180436,2902,18.9,0.3,81564,1788,17.7,0.4,98872,1727,19.9,0.3,100134,2160,10.5,0.2,45949,1189,10,0.3,54185,1421,10.9,0.3,152643,522,(X),(X),75833,347,(X),(X),76810,333,(X),(X),48693,1454,31.9,0.9,20395,893,26.9,1.2,28298,882,36.8,1.1,155610,440,(X),(X),76507,288,(X),(X),79103,296,(X),(X),49872,1388,32,0.9,20676,856,27,1.1,29196,938,36.9,1.2,406562,487,(X),(X),198015,340,(X),(X),208547,321,(X),(X),115638,2057,28.4,0.5,51574,1291,26,0.7,64064,1381,30.7,0.7,242251,257,(X),(X),109345,167,(X),(X),132906,194,(X),(X),66367,1196,27.4,0.5,34868,820,31.9,0.7,31499,731,23.7,0.6
0400000US24,24,Maryland,559453,643,(X),(X),284975,448,(X),(X),274478,447,(X),(X),73573,1957,13.2,0.3,30096,1111,10.6,0.4,43477,1527,15.8,0.6,4052639,681,(X),(X),1914651,535,(X),(X),2137988,494,(X),(X),166541,2894,4.1,0.1,85722,1975,4.5,0.1,80819,1963,3.8,0.1,254215,3695,6.3,0.1,131574,2274,6.9,0.1,122641,2244,5.7,0.1,1030305,7493,25.4,0.2,503273,4106,26.3,0.2,527032,4780,24.7,0.2,784968,4815,19.4,0.1,361282,3798,18.9,0.2,423686,3607,19.8,0.2,259899,3365,6.4,0.1,103352,2045,5.4,0.1,156547,2617,7.3,0.1,838732,6817,20.7,0.2,388616,4260,20.3,0.2,450116,4250,21.1,0.2,717979,6004,17.7,0.1,340832,3639,17.8,0.2,377147,4044,17.6,0.2,820592,864,(X),(X),405833,633,(X),(X),414759,522,(X),(X),336697,3779,41,0.5,148396,2384,36.6,0.6,188301,2283,45.4,0.6,768457,705,(X),(X),372950,543,(X),(X),395507,406,(X),(X),333297,3458,43.4,0.5,147821,2138,39.6,0.6,185476,2082,46.9,0.5,1643540,701,(X),(X),783388,556,(X),(X),860152,464,(X),(X),625140,4965,38,0.3,295579,2903,37.7,0.4,329561,3147,38.3,0.4,820050,320,(X),(X),352480,212,(X),(X),467570,244,(X),(X),261577,2528,31.9,0.3,137652,1754,39.1,0.5,123925,1665,26.5,0.4
0400000US25,25,Massachusetts,701594,544,(X),(X),350279,355,(X),(X),351315,386,(X),(X),117220,2608,16.7,0.4,50699,1725,14.5,0.5,66521,1561,18.9,0.4,4649997,519,(X),(X),2208896,442,(X),(X),2441101,395,(X),(X),216787,3860,4.7,0.1,103128,2647,4.7,0.1,113659,2387,4.7,0.1,245598,3502,5.3,0.1,126252,2501,5.7,0.1,119346,2102,4.9,0.1,1167098,8050,25.1,0.2,582777,5391,26.4,0.2,584321,4696,23.9,0.2,743934,5248,16,0.1,348826,3682,15.8,0.2,395108,3908,16.2,0.2,359774,3826,7.7,0.1,141824,2507,6.4,0.1,217950,2786,8.9,0.1,1072120,7132,23.1,0.2,510471,4595,23.1,0.2,561649,4542,23,0.2,844686,6953,18.2,0.1,395618,3996,17.9,0.2,449068,4475,18.4,0.2,926099,649,(X),(X),460595,473,(X),(X),465504,409,(X),(X),463991,4417,50.1,0.5,207724,2452,45.1,0.5,256267,2687,55.1,0.6,838510,563,(X),(X),409951,439,(X),(X),428559,295,(X),(X),394779,3796,47.1,0.4,183233,2343,44.7,0.6,211546,2281,49.4,0.5,1868709,509,(X),(X),903467,412,(X),(X),965242,281,(X),(X),744370,5025,39.8,0.3,352957,3370,39.1,0.4,391413,3436,40.6,0.4,1016679,272,(X),(X),434883,194,(X),(X),581796,216,(X),(X),313666,3094,30.9,0.3,162175,1729,37.3,0.4,151491,2175,26,0.4
0400000US26,26,Michigan,998956,854,(X),(X),510457,734,(X),(X),488499,538,(X),(X),94025,2309,9.4,0.2,41592,1659,8.1,0.3,52433,1658,10.7,0.3,6682881,795,(X),(X),3219272,797,(X),(X),3463609,621,(X),(X),209210,3122,3.1,0.1,105296,2156,3.3,0.1,103914,1921,3,0.1,467257,4435,7,0.1,243466,2951,7.6,0.1,223791,3023,6.5,0.1,1978662,9426,29.6,0.1,973303,5655,30.2,0.2,1005359,5853,29,0.2,1587525,6379,23.8,0.1,763415,3868,23.7,0.1,824110,4836,23.8,0.1,608429,4591,9.1,0.1,253339,2593,7.9,0.1,355090,3744,10.3,0.1,1117697,7190,16.7,0.1,534218,4823,16.6,0.1,583479,4395,16.8,0.1,714101,5820,10.7,0.1,346235,3574,10.8,0.1,367866,3465,10.6,0.1,1207592,1025,(X),(X),607047,794,(X),(X),600545,655,(X),(X),376457,4010,31.2,0.3,169857,2474,28,0.4,206600,2448,34.4,0.4,1188718,914,(X),(X),589177,690,(X),(X),599541,488,(X),(X),383188,4134,32.2,0.3,172643,2369,29.3,0.4,210545,2426,35.1,0.4,2758873,810,(X),(X),1349544,629,(X),(X),1409329,574,(X),(X),732576,4627,26.6,0.2,355485,2969,26.3,0.2,377091,2902,26.8,0.2,1527698,456,(X),(X),673504,265,(X),(X),854194,328,(X),(X),339577,2860,22.2,0.2,182468,2014,27.1,0.3,157109,1672,18.4,0.2
0400000US27,27,Minnesota,506636,766,(X),(X),257931,582,(X),(X),248705,528,(X),(X),63416,1432,12.5,0.3,25926,919,10.1,0.4,37490,1072,15.1,0.4,3662134,863,(X),(X),1796833,710,(X),(X),1865301,562,(X),(X),111920,2189,3.1,0.1,53497,1381,3,0.1,58423,1497,3.1,0.1,158201,3040,4.3,0.1,87668,2051,4.9,0.1,70533,1582,3.8,0.1,940315,5971,25.7,0.2,483824,3677,26.9,0.2,456491,3419,24.5,0.2,795793,4314,21.7,0.1,387705,3175,21.6,0.2,408088,3049,21.9,0.2,401968,3394,11,0.1,183717,2215,10.2,0.1,218251,2502,11.7,0.1,834294,5004,22.8,0.1,396767,2979,22.1,0.2,437527,3722,23.5,0.2,419643,3938,11.5,0.1,203655,2440,11.3,0.1,215988,2467,11.6,0.1,745041,793,(X),(X),378501,611,(X),(X),366540,510,(X),(X),293631,3079,39.4,0.4,130812,1931,34.6,0.5,162819,1961,44.4,0.5,671116,710,(X),(X),339661,509,(X),(X),331455,543,(X),(X),269974,3131,40.2,0.5,124047,1837,36.5,0.5,145927,1762,44,0.5,1466572,848,(X),(X),730764,592,(X),(X),735808,588,(X),(X),488068,3525,33.3,0.2,237341,2086,32.5,0.3,250727,2143,34.1,0.3,779405,405,(X),(X),347907,278,(X),(X),431498,270,(X),(X),202264,1936,26,0.2,108222,1381,31.1,0.4,94042,1321,21.8,0.3
0400000US28,28,Mississippi,307274,1303,(X),(X),155765,1044,(X),(X),151509,738,(X),(X),17614,1207,5.7,0.4,7037,719,4.5,0.5,10577,796,7,0.5,1949683,1320,(X),(X),922119,1183,(X),(X),1027564,853,(X),(X),113287,2508,5.8,0.1,61410,1638,6.7,0.2,51877,1633,5,0.2,218979,3967,11.2,0.2,114021,2472,12.4,0.3,104958,2501,10.2,0.2,593422,5553,30.4,0.3,296929,3329,32.2,0.4,296493,3598,28.9,0.4,443815,4262,22.8,0.2,204911,3260,22.2,0.4,238904,3063,23.2,0.3,170289,3051,8.7,0.2,66820,1932,7.2,0.2,103469,2220,10.1,0.2,255615,3722,13.1,0.2,112223,2229,12.2,0.2,143392,2483,14,0.2,154276,3117,7.9,0.2,65805,1807,7.1,0.2,88471,2023,8.6,0.2,389596,1476,(X),(X),192333,1225,(X),(X),197263,876,(X),(X),88825,2096,22.8,0.5,35021,1154,18.2,0.6,53804,1562,27.3,0.8,371390,1041,(X),(X),180826,850,(X),(X),190564,604,(X),(X),86810,2078,23.4,0.6,33939,1164,18.8,0.6,52871,1456,27.7,0.8,762065,958,(X),(X),365249,884,(X),(X),396816,664,(X),(X),153167,2968,20.1,0.4,66626,1679,18.2,0.5,86541,1864,21.8,0.5,426632,547,(X),(X),183711,333,(X),(X),242921,372,(X),(X),81089,1824,19,0.4,42442,1033,23.1,0.6,38647,1291,15.9,0.5
0400000US29,29,Missouri,591150,1171,(X),(X),301783,809,(X),(X),289367,658,(X),(X),57310,1908,9.7,0.3,23810,1135,7.9,0.4,33500,1318,11.6,0.5,4073377,1373,(X),(X),1957101,1001,(X),(X),2116276,1030,(X),(X),146092,2838,3.6,0.1,71888,1687,3.7,0.1,74204,1648,3.5,0.1,308790,3727,7.6,0.1,156176,2593,8,0.1,152614,2687,7.2,0.1,1267813,7832,31.1,0.2,637150,4690,32.6,0.2,630663,4934,29.8,0.2,917451,4905,22.5,0.1,433030,3890,22.1,0.2,484421,3746,22.9,0.2,307566,3987,7.6,0.1,131174,2594,6.7,0.1,176392,2852,8.3,0.1,701863,6715,17.2,0.2,330168,3717,16.9,0.2,371695,4613,17.6,0.2,423802,5099,10.4,0.1,197515,3253,10.1,0.2,226287,3288,10.7,0.2,800229,1285,(X),(X),400091,851,(X),(X),400138,923,(X),(X),262477,3571,32.8,0.4,114258,2113,28.6,0.5,148219,2381,37,0.6,731234,1161,(X),(X),363617,687,(X),(X),367617,891,(X),(X),239470,3006,32.7,0.4,106843,2037,29.4,0.6,132627,1798,36.1,0.5,1611980,1346,(X),(X),786344,1065,(X),(X),825636,843,(X),(X),430579,4499,26.7,0.3,201567,2834,25.6,0.4,229012,2961,27.7,0.4,929934,670,(X),(X),407049,483,(X),(X),522885,440,(X),(X),193139,2715,20.8,0.3,105015,1664,25.8,0.4,88124,1712,16.9,0.3
0400000US30,30,Montana,99937,497,(X),(X),52115,416,(X),(X),47822,367,(X),(X),6622,560,6.6,0.6,2433,370,4.7,0.7,4189,416,8.8,0.9,698434,522,(X),(X),346476,516,(X),(X),351958,455,(X),(X),14315,681,2,0.1,7924,495,2.3,0.1,6391,488,1.8,0.1,35312,1248,5.1,0.2,18458,943,5.3,0.3,16854,802,4.8,0.2,207929,2540,29.8,0.4,107743,1984,31.1,0.6,100186,1670,28.5,0.5,171382,2663,24.5,0.4,84175,1862,24.3,0.5,87207,1594,24.8,0.5,60424,1589,8.7,0.2,27224,1059,7.9,0.3,33200,1131,9.4,0.3,140945,1934,20.2,0.3,67168,1390,19.4,0.4,73777,1350,21,0.4,68127,1801,9.8,0.3,33784,1154,9.8,0.3,34343,1103,9.8,0.3,128539,605,(X),(X),66134,428,(X),(X),62405,429,(X),(X),40430,1423,31.5,1.1,17603,877,26.6,1.3,22827,862,36.6,1.4,116416,546,(X),(X),59285,371,(X),(X),57131,403,(X),(X),40030,1096,34.4,1,17389,767,29.3,1.3,22641,733,39.6,1.3,282611,617,(X),(X),140020,445,(X),(X),142591,458,(X),(X),81291,1497,28.8,0.5,39047,954,27.9,0.7,42244,975,29.6,0.7,170868,323,(X),(X),81037,216,(X),(X),89831,230,(X),(X),47321,1069,27.7,0.6,26913,667,33.2,0.8,20408,675,22.7,0.7
0400000US31,31,Nebraska,190430,514,(X),(X),97219,418,(X),(X),93211,319,(X),(X),20336,1037,10.7,0.5,8478,622,8.7,0.6,11858,727,12.7,0.8,1223228,614,(X),(X),598920,505,(X),(X),624308,539,(X),(X),50708,1450,4.1,0.1,26864,928,4.5,0.2,23844,921,3.8,0.1,63236,1714,5.2,0.1,34062,1165,5.7,0.2,29174,989,4.7,0.2,330629,2951,27,0.2,168556,2146,28.1,0.4,162073,1852,26,0.3,288253,2707,23.6,0.2,135981,1808,22.7,0.3,152272,2017,24.4,0.3,123619,1931,10.1,0.2,59320,1439,9.9,0.2,64299,1194,10.3,0.2,245288,3090,20.1,0.3,115372,1795,19.3,0.3,129916,2012,20.8,0.3,121495,2171,9.9,0.2,58765,1373,9.8,0.2,62730,1378,10,0.2,252414,690,(X),(X),129189,424,(X),(X),123225,476,(X),(X),90411,1504,35.8,0.6,40203,974,31.1,0.8,50208,933,40.7,0.7,225981,599,(X),(X),114622,365,(X),(X),111359,419,(X),(X),79888,1476,35.4,0.6,36056,851,31.5,0.7,43832,971,39.4,0.9,473335,700,(X),(X),235184,459,(X),(X),238151,473,(X),(X),138015,1914,29.2,0.4,66438,1119,28.2,0.5,71577,1257,30.1,0.5,271498,348,(X),(X),119925,198,(X),(X),151573,289,(X),(X),58469,1129,21.5,0.4,31440,688,26.2,0.6,27029,749,17.8,0.5
0400000US32,32,Nevada,252415,468,(X),(X),129403,315,(X),(X),123012,326,(X),(X),13276,715,5.3,0.3,4906,517,3.8,0.4,8370,565,6.8,0.5,1922125,489,(X),(X),957230,442,(X),(X),964895,352,(X),(X),117204,2429,6.1,0.1,58004,1574,6.1,0.2,59200,1715,6.1,0.2,163036,2957,8.5,0.2,82940,1880,8.7,0.2,80096,2070,8.3,0.2,544288,5482,28.3,0.3,274944,3302,28.7,0.3,269344,3375,27.9,0.4,499865,4571,26,0.2,249158,2982,26,0.3,250707,2901,26,0.3,152171,2575,7.9,0.1,70338,1655,7.3,0.2,81833,1736,8.5,0.2,293579,4209,15.3,0.2,144955,2542,15.1,0.3,148624,2559,15.4,0.3,151982,2458,7.9,0.1,76891,1715,8,0.2,75091,1703,7.8,0.2,407455,559,(X),(X),207583,378,(X),(X),199872,379,(X),(X),90720,2160,22.3,0.5,39744,1477,19.1,0.7,50976,1358,25.5,0.7,383267,461,(X),(X),194585,328,(X),(X),188682,328,(X),(X),89643,2074,23.4,0.5,42569,1292,21.9,0.7,47074,1444,24.9,0.8,730548,485,(X),(X),365711,373,(X),(X),364837,336,(X),(X),169439,2432,23.2,0.3,84016,1654,23,0.5,85423,1607,23.4,0.4,400855,278,(X),(X),189351,188,(X),(X),211504,215,(X),(X),95759,1602,23.9,0.4,55517,1172,29.3,0.6,40242,1138,19,0.5
0400000US33,33,New Hampshire,128180,441,(X),(X),65308,291,(X),(X),62872,307,(X),(X),16343,1016,12.8,0.8,7291,665,11.2,1,9052,639,14.4,1,932344,468,(X),(X),454948,438,(X),(X),477396,345,(X),(X),22057,1171,2.4,0.1,11580,886,2.5,0.2,10477,637,2.2,0.1,47217,1475,5.1,0.2,26946,978,5.9,0.2,20271,972,4.2,0.2,264372,3168,28.4,0.3,134010,2203,29.5,0.5,130362,1911,27.3,0.4,176695,2972,19,0.3,83987,1999,18.5,0.4,92708,1968,19.4,0.4,91327,1954,9.8,0.2,39401,1343,8.7,0.3,51926,1669,10.9,0.3,206061,2765,22.1,0.3,99339,1739,21.8,0.4,106722,1971,22.4,0.4,124615,2187,13.4,0.2,59685,1322,13.1,0.3,64930,1576,13.6,0.3,154495,521,(X),(X),78893,380,(X),(X),75602,326,(X),(X),59658,1663,38.6,1.1,26341,1081,33.4,1.4,33317,970,44.1,1.3,159325,561,(X),(X),79148,411,(X),(X),80177,309,(X),(X),64225,1446,40.3,0.9,28868,894,36.5,1.1,35357,940,44.1,1.1,408139,519,(X),(X),201658,361,(X),(X),206481,355,(X),(X),142403,1949,34.9,0.5,68714,1053,34.1,0.5,73689,1432,35.7,0.7,210385,259,(X),(X),95249,155,(X),(X),115136,183,(X),(X),64390,1471,30.6,0.7,35101,954,36.9,1,29289,819,25.4,0.7
0400000US34,34,New Jersey,793096,457,(X),(X),409663,368,(X),(X),383433,261,(X),(X),115660,2383,14.6,0.3,50620,1512,12.4,0.4,65040,1600,17,0.4,6112547,436,(X),(X),2915068,378,(X),(X),3197479,370,(X),(X),318098,4360,5.2,0.1,152102,2779,5.2,0.1,165996,2951,5.2,0.1,360515,4811,5.9,0.1,181209,3600,6.2,0.1,179306,2692,5.6,0.1,1726006,10963,28.2,0.2,825987,6578,28.3,0.2,900019,6357,28.1,0.2,1027215,6492,16.8,0.1,492947,4587,16.9,0.2,534268,4236,16.7,0.1,390672,3521,6.4,0.1,160366,2642,5.5,0.1,230306,2903,7.2,0.1,1411979,7649,23.1,0.1,669936,4932,23,0.2,742043,5143,23.2,0.2,878062,6969,14.4,0.1,432521,4032,14.8,0.1,445541,4678,13.9,0.1,1147169,449,(X),(X),578704,307,(X),(X),568465,319,(X),(X),495897,3869,43.2,0.3,222457,2407,38.4,0.4,273440,2385,48.1,0.4,1170011,421,(X),(X),577036,291,(X),(X),592975,275,(X),(X),505252,4568,43.2,0.4,230700,2580,40,0.4,274552,2724,46.3,0.5,2483076,545,(X),(X),1201642,386,(X),(X),1281434,356,(X),(X),927889,5487,37.4,0.2,453582,3308,37.7,0.3,474307,3672,37,0.3,1312291,317,(X),(X),557686,222,(X),(X),754605,239,(X),(X),361003,3423,27.5,0.3,195718,1893,35.1,0.3,165285,2347,21.9,0.3
0400000US35,35,New Mexico,206999,744,(X),(X),107363,523,(X),(X),99636,475,(X),(X),10810,865,5.2,0.4,3982,641,3.7,0.6,6828,644,6.9,0.6,1373920,756,(X),(X),667742,621,(X),(X),706178,598,(X),(X),92818,2411,6.8,0.2,46442,1576,7,0.2,46376,1445,6.6,0.2,118383,2217,8.6,0.2,61571,1453,9.2,0.2,56812,1537,8,0.2,362627,3626,26.4,0.3,186607,2535,27.9,0.4,176020,2527,24.9,0.4,322880,3778,23.5,0.3,152944,2278,22.9,0.3,169936,2756,24.1,0.4,110974,2245,8.1,0.2,47561,1534,7.1,0.2,63413,1668,9,0.2,206247,2849,15,0.2,96408,1855,14.4,0.3,109839,2011,15.6,0.3,159991,2820,11.6,0.2,76209,1643,11.4,0.2,83782,1956,11.9,0.3,276750,839,(X),(X),141960,623,(X),(X),134790,535,(X),(X),62385,1809,22.5,0.6,27418,1087,19.3,0.8,34967,1125,25.9,0.8,244759,668,(X),(X),122794,492,(X),(X),121965,493,(X),(X),63091,1582,25.8,0.6,27464,870,22.4,0.7,35627,1166,29.2,0.9,534125,682,(X),(X),258103,425,(X),(X),276022,524,(X),(X),148406,2390,27.8,0.4,68705,1452,26.6,0.6,79701,1710,28.9,0.6,318286,399,(X),(X),144885,309,(X),(X),173401,273,(X),(X),92356,1684,29,0.5,49030,1012,33.8,0.7,43326,1179,25,0.7
0400000US36,36,New York,1966965,812,(X),(X),991765,642,(X),(X),975200,576,(X),(X),299248,3961,15.2,0.2,125688,2552,12.7,0.3,173560,2800,17.8,0.3,13504083,888,(X),(X),6402770,841,(X),(X),7101313,722,(X),(X),882123,7650,6.5,0.1,413751,5268,6.5,0.1,468372,4284,6.6,0.1,1018769,7762,7.5,0.1,508903,4252,7.9,0.1,509866,5534,7.2,0.1,3569454,15847,26.4,0.1,1734262,9088,27.1,0.1,1835192,9062,25.8,0.1,2177984,10186,16.1,0.1,1068975,8078,16.7,0.1,1109009,6033,15.6,0.1,1164307,6687,8.6,0.1,497524,4458,7.8,0.1,666783,5254,9.4,0.1,2654203,11660,19.7,0.1,1273321,7467,19.9,0.1,1380882,7508,19.4,0.1,2037243,14429,15.1,0.1,906034,7701,14.2,0.1,1131209,8849,15.9,0.1,2831379,1109,(X),(X),1408242,966,(X),(X),1423137,692,(X),(X),1234661,8050,43.6,0.3,546014,4071,38.8,0.3,688647,5382,48.4,0.4,2501802,1066,(X),(X),1226384,793,(X),(X),1275418,623,(X),(X),986370,7374,39.4,0.3,442611,3815,36.1,0.3,543759,4919,42.6,0.4,5277101,943,(X),(X),2542227,890,(X),(X),2734874,616,(X),(X),1711598,9024,32.4,0.2,808922,5875,31.8,0.2,902676,5218,33,0.2,2893801,702,(X),(X),1225917,393,(X),(X),1667884,480,(X),(X),758817,5125,26.2,0.2,381808,3434,31.1,0.3,377009,3299,22.6,0.2
0400000US37,37,North Carolina,968330,1449,(X),(X),496392,1087,(X),(X),471938,894,(X),(X),92048,2342,9.5,0.2,36483,1520,7.3,0.3,55565,1734,11.8,0.4,6684672,1573,(X),(X),3171126,1237,(X),(X),3513546,1113,(X),(X),345302,4895,5.2,0.1,186771,3245,5.9,0.1,158531,3038,4.5,0.1,569525,6047,8.5,0.1,301298,4719,9.5,0.1,268227,3399,7.6,0.1,1765772,11053,26.4,0.2,878820,7105,27.7,0.2,886952,7179,25.2,0.2,1455858,7373,21.8,0.1,666933,4999,21,0.2,788925,6390,22.5,0.2,607780,5627,9.1,0.1,242866,3543,7.7,0.1,364914,3966,10.4,0.1,1255557,10020,18.8,0.1,574059,5743,18.1,0.2,681498,5762,19.4,0.2,684878,7015,10.2,0.1,320379,4016,10.1,0.1,364499,4153,10.4,0.1,1294386,1424,(X),(X),637781,1035,(X),(X),656605,1046,(X),(X),411722,4828,31.8,0.4,173437,2588,27.2,0.4,238285,3043,36.3,0.5,1307758,1722,(X),(X),640044,958,(X),(X),667714,1057,(X),(X),437864,4868,33.5,0.4,191902,2908,30,0.5,245962,3068,36.8,0.5,2623198,1601,(X),(X),1260370,952,(X),(X),1362828,1107,(X),(X),750498,6969,28.6,0.3,349490,4133,27.7,0.3,401008,4054,29.4,0.3,1459330,1002,(X),(X),632931,610,(X),(X),826399,667,(X),(X),340351,3441,23.3,0.2,179609,1995,28.4,0.3,160742,2335,19.5,0.3
0400000US38,38,North Dakota,90838,467,(X),(X),48557,361,(X),(X),42281,374,(X),(X),10445,853,11.5,0.9,4507,592,9.3,1.2,5938,561,14,1.3,477607,527,(X),(X),242292,528,(X),(X),235315,449,(X),(X),16846,819,3.5,0.2,8933,599,3.7,0.2,7913,484,3.4,0.2,21188,978,4.4,0.2,12219,611,5,0.3,8969,572,3.8,0.2,131086,2157,27.4,0.5,70498,1398,29.1,0.6,60588,1282,25.7,0.6,110039,2039,23,0.4,56337,1216,23.3,0.5,53702,1526,22.8,0.6,63894,1663,13.4,0.3,32055,1054,13.2,0.4,31839,1063,13.5,0.5,97890,1962,20.5,0.4,44145,1246,18.2,0.5,53745,1283,22.8,0.5,36664,1099,7.7,0.2,18105,782,7.5,0.3,18559,787,7.9,0.3,107803,633,(X),(X),58452,444,(X),(X),49351,417,(X),(X),37042,1176,34.4,1.1,16038,766,27.4,1.3,21004,784,42.6,1.5,82372,580,(X),(X),43763,378,(X),(X),38609,367,(X),(X),28471,1098,34.6,1.3,13359,693,30.5,1.5,15112,693,39.1,1.7,182687,648,(X),(X),93162,513,(X),(X),89525,375,(X),(X),49113,1285,26.9,0.7,22641,799,24.3,0.8,26472,891,29.6,1,104745,251,(X),(X),46915,173,(X),(X),57830,190,(X),(X),19928,754,19,0.7,10212,487,21.8,1,9716,503,16.8,0.9
0400000US39,39,Ohio,1099035,1090,(X),(X),559376,742,(X),(X),539659,732,(X),(X),106052,2248,9.6,0.2,43712,1420,7.8,0.3,62340,1593,11.6,0.3,7848046,1201,(X),(X),3763717,1040,(X),(X),4084329,903,(X),(X),232970,3824,3,0.1,117348,2405,3.1,0.1,115622,2261,2.8,0.1,592185,6402,7.5,0.1,299030,4030,7.9,0.1,293155,3832,7.2,0.1,2654140,10393,33.8,0.1,1304641,6629,34.7,0.2,1349499,5512,33,0.1,1616966,7501,20.6,0.1,775035,4998,20.6,0.1,841931,5439,20.6,0.1,658910,5196,8.4,0.1,262246,3457,7,0.1,396664,3828,9.7,0.1,1310995,7847,16.7,0.1,631088,5200,16.8,0.1,679907,4819,16.6,0.1,781880,7748,10,0.1,374329,4611,9.9,0.1,407551,4323,10,0.1,1469248,1212,(X),(X),736708,908,(X),(X),732540,724,(X),(X),473148,5351,32.2,0.4,211826,3134,28.8,0.4,261322,3287,35.7,0.5,1406232,1084,(X),(X),698368,838,(X),(X),707864,817,(X),(X),444524,5046,31.6,0.4,201109,3090,28.8,0.4,243415,2899,34.4,0.4,3176229,1291,(X),(X),1550906,856,(X),(X),1625323,846,(X),(X),819523,5607,25.8,0.2,400804,3524,25.8,0.2,418719,3542,25.8,0.2,1796337,810,(X),(X),777735,609,(X),(X),1018602,535,(X),(X),355680,2760,19.8,0.2,191678,1748,24.6,0.2,164002,1840,16.1,0.2
0400000US40,40,Oklahoma,388986,674,(X),(X),200804,543,(X),(X),188182,424,(X),(X),29005,1259,7.5,0.3,12221,764,6.1,0.4,16784,908,8.9,0.5,2534278,685,(X),(X),1232099,637,(X),(X),1302179,493,(X),(X),108690,1959,4.3,0.1,57741,1367,4.7,0.1,50949,1162,3.9,0.1,214200,2752,8.5,0.1,109193,1819,8.9,0.1,105007,1645,8.1,0.1,801598,4542,31.6,0.2,400773,3231,32.5,0.3,400825,2749,30.8,0.2,601712,4264,23.7,0.2,287304,3069,23.3,0.2,314408,2650,24.1,0.2,187963,2205,7.4,0.1,80946,1464,6.6,0.1,107017,1553,8.2,0.1,413818,3593,16.3,0.1,196083,2721,15.9,0.2,217735,2309,16.7,0.2,206297,2544,8.1,0.1,100059,1611,8.1,0.1,106238,1713,8.2,0.1,533743,741,(X),(X),271421,640,(X),(X),262322,518,(X),(X),138368,2506,25.9,0.5,61827,1610,22.8,0.6,76541,1443,29.2,0.5,473291,698,(X),(X),238316,546,(X),(X),234975,487,(X),(X),125423,2160,26.5,0.5,55808,1264,23.4,0.5,69615,1338,29.6,0.6,965359,781,(X),(X),473304,573,(X),(X),492055,518,(X),(X),235994,2529,24.4,0.3,112146,1737,23.7,0.4,123848,1580,25.2,0.3,561885,464,(X),(X),249058,299,(X),(X),312827,338,(X),(X),120330,1584,21.4,0.3,66361,1033,26.6,0.4,53969,1142,17.3,0.4
0400000US41,41,Oregon,365086,671,(X),(X),186490,491,(X),(X),178596,500,(X),(X),31669,1366,8.7,0.4,12973,910,7,0.5,18696,995,10.5,0.6,2755786,681,(X),(X),1343913,676,(X),(X),1411873,576,(X),(X),106505,2721,3.9,0.1,54117,1779,4,0.1,52388,1691,3.7,0.1,169993,3083,6.2,0.1,90558,1969,6.7,0.1,79435,1942,5.6,0.1,657520,5234,23.9,0.2,327531,3300,24.4,0.2,329989,3471,23.4,0.2,721059,5372,26.2,0.2,342927,3700,25.5,0.3,378132,3432,26.8,0.2,234336,2851,8.5,0.1,107040,1937,8,0.1,127296,2267,9,0.2,538977,4736,19.6,0.2,260358,3039,19.4,0.2,278619,3135,19.7,0.2,327396,4283,11.9,0.2,161382,2900,12,0.2,166014,2592,11.8,0.2,548492,932,(X),(X),277275,636,(X),(X),271217,602,(X),(X),178734,2741,32.6,0.5,79226,1772,28.6,0.6,99508,1786,36.7,0.7,518150,810,(X),(X),262473,649,(X),(X),255677,496,(X),(X),187370,2675,36.2,0.5,88509,1746,33.7,0.7,98861,1689,38.7,0.7,1054570,951,(X),(X),515899,670,(X),(X),538671,605,(X),(X),318544,3309,30.2,0.3,155661,2182,30.2,0.4,162883,2173,30.2,0.4,634574,459,(X),(X),288266,364,(X),(X),346308,319,(X),(X),181725,2477,28.6,0.4,98344,1534,34.1,0.5,83381,1531,24.1,0.4
0400000US42,42,Pennsylvania,1229863,932,(X),(X),625422,695,(X),(X),604441,594,(X),(X),145046,2648,11.8,0.2,61500,1568,9.8,0.3,83546,1943,13.8,0.3,8849846,1284,(X),(X),4244631,978,(X),(X),4605215,728,(X),(X),304693,4009,3.4,0.1,150348,2683,3.5,0.1,154345,2495,3.4,0.1,620993,5395,7,0.1,314526,3587,7.4,0.1,306467,3760,6.7,0.1,3183249,11994,36,0.1,1547103,7393,36.4,0.2,1636146,7097,35.5,0.2,1432781,6383,16.2,0.1,682765,4479,16.1,0.1,750016,4613,16.3,0.1,712180,5274,8,0.1,303390,3216,7.1,0.1,408790,3915,8.9,0.1,1578040,9841,17.8,0.1,763830,6199,18,0.1,814210,5744,17.7,0.1,1017910,8137,11.5,0.1,482669,4666,11.4,0.1,535241,5042,11.6,0.1,1634292,1079,(X),(X),827446,827,(X),(X),806846,637,(X),(X),613373,5836,37.5,0.4,273980,3337,33.1,0.4,339393,3305,42.1,0.4,1515459,1006,(X),(X),754817,759,(X),(X),760642,614,(X),(X),535617,5187,35.3,0.3,242720,2935,32.2,0.4,292897,3094,38.5,0.4,3566848,1014,(X),(X),1744980,782,(X),(X),1821868,594,(X),(X),1005325,5926,28.2,0.2,488277,3775,28,0.2,517048,3760,28.4,0.2,2133247,551,(X),(X),917388,385,(X),(X),1215859,363,(X),(X),441635,3311,20.7,0.2,241522,2255,26.3,0.2,200113,2187,16.5,0.2
0400000US44,44,Rhode Island,117377,337,(X),(X),58584,251,(X),(X),58793,258,(X),(X),14782,829,12.6,0.7,6866,621,11.7,1,7916,524,13.5,0.9,724708,352,(X),(X),343894,309,(X),(X),380814,313,(X),(X),41690,1341,5.8,0.2,19854,838,5.8,0.2,21836,933,5.7,0.2,52868,1642,7.3,0.2,26769,1184,7.8,0.3,26099,1023,6.9,0.3,200648,2613,27.7,0.4,98058,2063,28.5,0.6,102590,1762,26.9,0.5,132648,2577,18.3,0.4,61098,1745,17.8,0.5,71550,1613,18.8,0.4,61626,1442,8.5,0.2,25725,860,7.5,0.2,35901,1188,9.4,0.3,140296,2207,19.4,0.3,67484,1395,19.6,0.4,72812,1685,19.1,0.4,94932,2389,13.1,0.3,44906,1370,13.1,0.4,50026,1452,13.1,0.4,137781,439,(X),(X),69586,332,(X),(X),68195,329,(X),(X),51081,1482,37.1,1.1,22992,955,33,1.4,28089,949,41.2,1.4,125831,420,(X),(X),61983,310,(X),(X),63848,259,(X),(X),45272,1145,36,0.9,20237,780,32.6,1.3,25035,761,39.2,1.2,294579,480,(X),(X),141626,324,(X),(X),152953,325,(X),(X),95159,2020,32.3,0.7,45215,1204,31.9,0.8,49944,1335,32.7,0.9,166517,240,(X),(X),70699,164,(X),(X),95818,156,(X),(X),43716,1210,26.3,0.7,23946,786,33.9,1.1,19770,738,20.6,0.8
0400000US45,45,South Carolina,479402,872,(X),(X),246410,663,(X),(X),232992,524,(X),(X),41025,1676,8.6,0.3,16248,900,6.6,0.4,24777,1220,10.6,0.5,3269424,905,(X),(X),1549952,802,(X),(X),1719472,673,(X),(X),153262,3403,4.7,0.1,80047,2285,5.2,0.1,73215,1853,4.3,0.1,302825,4169,9.3,0.1,156927,2911,10.1,0.2,145898,2649,8.5,0.2,963022,6260,29.5,0.2,468715,4392,30.2,0.3,494307,4317,28.7,0.3,686140,5097,21,0.2,314221,3266,20.3,0.2,371919,3593,21.6,0.2,299118,3353,9.1,0.1,122851,1938,7.9,0.1,176267,2800,10.3,0.2,551968,5945,16.9,0.2,265437,3799,17.1,0.2,286531,3768,16.7,0.2,313089,5009,9.6,0.2,141754,2798,9.1,0.2,171335,3232,10,0.2,625847,1146,(X),(X),309318,784,(X),(X),316529,692,(X),(X),175939,2945,28.1,0.5,74114,1824,24,0.6,101825,2084,32.2,0.7,597453,947,(X),(X),293008,777,(X),(X),304445,543,(X),(X),175571,3029,29.4,0.5,76881,1846,26.2,0.6,98690,1980,32.4,0.6,1284444,884,(X),(X),610967,722,(X),(X),673477,572,(X),(X),333646,3949,26,0.3,155898,2191,25.5,0.4,177748,2666,26.4,0.4,761680,569,(X),(X),336659,391,(X),(X),425021,351,(X),(X),179901,2042,23.6,0.3,100298,1428,29.8,0.4,79603,1481,18.7,0.3
0400000US46,46,South Dakota,84856,570,(X),(X),44122,510,(X),(X),40734,340,(X),(X),7237,541,8.5,0.6,2951,362,6.7,0.8,4286,397,10.5,1,556587,640,(X),(X),276307,452,(X),(X),280280,417,(X),(X),20313,897,3.6,0.2,11093,680,4,0.2,9220,504,3.3,0.2,28742,1010,5.2,0.2,15937,793,5.8,0.3,12805,645,4.6,0.2,171623,2166,30.8,0.4,90692,1391,32.8,0.5,80931,1404,28.9,0.5,121641,1858,21.9,0.3,58010,1227,21,0.4,63631,1257,22.7,0.4,61483,1281,11,0.2,28973,1006,10.5,0.4,32510,949,11.6,0.3,107762,1832,19.4,0.3,49590,1117,17.9,0.4,58172,1189,20.8,0.4,45023,1355,8.1,0.2,22012,879,8,0.3,23011,860,8.2,0.3,111742,610,(X),(X),58036,463,(X),(X),53706,360,(X),(X),34749,1143,31.1,1,15207,725,26.2,1.3,19542,705,36.4,1.3,96916,531,(X),(X),49930,383,(X),(X),46986,344,(X),(X),31279,1022,32.3,1.1,13948,660,27.9,1.3,17331,623,36.9,1.3,218720,579,(X),(X),109886,464,(X),(X),108834,408,(X),(X),58326,1281,26.7,0.6,27204,781,24.8,0.7,31122,893,28.6,0.8,129209,273,(X),(X),58455,190,(X),(X),70754,217,(X),(X),28431,897,22,0.7,15243,628,26.1,1.1,13188,600,18.6,0.8
0400000US47,47,Tennessee,625744,1064,(X),(X),316126,662,(X),(X),309618,799,(X),(X),57743,2271,9.2,0.4,22678,1138,7.2,0.4,35065,1701,11.3,0.5,4427340,1144,(X),(X),2112884,978,(X),(X),2314456,1105,(X),(X),237663,3579,5.4,0.1,122418,2242,5.8,0.1,115245,2039,5,0.1,382885,4099,8.6,0.1,196138,2943,9.3,0.1,186747,2589,8.1,0.1,1451602,7354,32.8,0.2,710652,4187,33.6,0.2,740950,5005,32,0.2,931093,6556,21,0.1,431882,3903,20.4,0.2,499211,4294,21.6,0.2,301681,4165,6.8,0.1,123059,2534,5.8,0.1,178622,3034,7.7,0.1,712781,6736,16.1,0.2,337956,3996,16,0.2,374825,4344,16.2,0.2,409635,5054,9.3,0.1,190779,2788,9,0.1,218856,3272,9.5,0.1,861200,1377,(X),(X),426360,874,(X),(X),434840,937,(X),(X),257011,3712,29.8,0.4,110198,2256,25.8,0.5,146813,2388,33.8,0.6,840617,1059,(X),(X),415306,766,(X),(X),425311,744,(X),(X),243048,3328,28.9,0.4,106340,2092,25.6,0.5,136708,2195,32.1,0.5,1741074,932,(X),(X),839005,814,(X),(X),902069,861,(X),(X),427610,5169,24.6,0.3,204513,2722,24.4,0.3,223097,3280,24.7,0.4,984449,857,(X),(X),432213,573,(X),(X),552236,548,(X),(X),194747,2484,19.8,0.3,107684,1662,24.9,0.4,87063,1625,15.8,0.3
0400000US48,48,Texas,2738831,1917,(X),(X),1414319,1394,(X),(X),1324512,1112,(X),(X),222735,4487,8.1,0.2,90012,2768,6.4,0.2,132723,3050,10,0.2,17085128,1980,(X),(X),8325715,1823,(X),(X),8759413,1425,(X),(X),1519768,10103,8.9,0.1,754380,6848,9.1,0.1,765388,6135,8.7,0.1,1496184,11875,8.8,0.1,763084,7870,9.2,0.1,733100,6411,8.4,0.1,4286126,19738,25.1,0.1,2126037,12044,25.5,0.1,2160089,10983,24.7,0.1,3821713,13488,22.4,0.1,1810523,8784,21.7,0.1,2011190,9638,23,0.1,1160660,8434,6.8,0.1,529108,5556,6.4,0.1,631552,6265,7.2,0.1,3158468,16829,18.5,0.1,1507609,9340,18.1,0.1,1650859,10187,18.8,0.1,1642209,12547,9.6,0.1,834974,6646,10,0.1,807235,8303,9.2,0.1,3915774,1996,(X),(X),1984745,1598,(X),(X),1931029,1368,(X),(X),1135128,9940,29,0.3,508327,5557,25.6,0.3,626801,6137,32.5,0.3,3642463,2200,(X),(X),1817289,1444,(X),(X),1825174,1319,(X),(X),1105762,9413,30.4,0.3,511264,5842,28.1,0.3,594498,5064,32.6,0.3,6430324,2033,(X),(X),3153370,1546,(X),(X),3276954,1258,(X),(X),1801352,9973,28,0.2,898263,5782,28.5,0.2,903089,7015,27.6,0.2,3096567,922,(X),(X),1370311,668,(X),(X),1726256,726,(X),(X),758435,5046,24.5,0.2,424729,3829,31,0.3,333706,3031,19.3,0.2
0400000US49,49,Utah,336128,589,(X),(X),170583,454,(X),(X),165545,366,(X),(X),22528,863,6.7,0.3,6992,587,4.1,0.3,15536,704,9.4,0.4,1707103,651,(X),(X),847620,606,(X),(X),859483,429,(X),(X),49900,1832,2.9,0.1,24890,1183,2.9,0.1,25010,1013,2.9,0.1,94763,2210,5.6,0.1,49743,1635,5.9,0.2,45020,1370,5.2,0.2,393484,4581,23,0.3,189899,2985,22.4,0.4,203585,2663,23.7,0.3,461790,4930,27.1,0.3,221391,3131,26.1,0.4,240399,3072,28,0.4,166445,2607,9.8,0.2,72301,1551,8.5,0.2,94144,1959,11,0.2,358887,4831,21,0.3,177271,2883,20.9,0.3,181616,2986,21.1,0.3,181834,2646,10.7,0.2,112125,1791,13.2,0.2,69709,1672,8.1,0.2,441468,822,(X),(X),224286,574,(X),(X),217182,445,(X),(X),138825,2704,31.4,0.6,67447,1535,30.1,0.7,71378,1594,32.9,0.7,385777,622,(X),(X),196712,461,(X),(X),189065,425,(X),(X),131229,2235,34,0.6,69654,1358,35.4,0.7,61575,1398,32.6,0.7,584516,583,(X),(X),290566,437,(X),(X),293950,366,(X),(X),180523,2602,30.9,0.5,98624,1761,33.9,0.6,81899,1551,27.9,0.5,295342,274,(X),(X),136056,180,(X),(X),159286,213,(X),(X),90144,1394,30.5,0.5,53671,886,39.4,0.6,36473,925,22.9,0.6
0400000US50,50,Vermont,67254,279,(X),(X),34586,178,(X),(X),32668,213,(X),(X),8230,596,12.2,0.9,3563,419,10.3,1.2,4667,401,14.3,1.2,437304,281,(X),(X),211497,287,(X),(X),225807,231,(X),(X),12153,643,2.8,0.1,6580,420,3.1,0.2,5573,448,2.5,0.2,23287,955,5.3,0.2,13786,706,6.5,0.3,9501,574,4.2,0.3,130654,1773,29.9,0.4,69930,1401,33.1,0.7,60724,1008,26.9,0.5,75531,1206,17.3,0.3,34341,952,16.2,0.5,41190,929,18.2,0.4,37454,937,8.6,0.2,15751,598,7.4,0.3,21703,721,9.6,0.3,94823,1465,21.7,0.3,42249,1072,20,0.5,52574,1040,23.3,0.5,63402,1494,14.5,0.3,28860,846,13.6,0.4,34542,1042,15.3,0.5,71749,348,(X),(X),36069,211,(X),(X),35680,241,(X),(X),28039,851,39.1,1.1,11995,492,33.3,1.4,16044,592,45,1.6,71959,343,(X),(X),35594,246,(X),(X),36365,249,(X),(X),28977,829,40.3,1.1,12397,569,34.8,1.6,16580,453,45.6,1.3,187403,385,(X),(X),91551,277,(X),(X),95852,249,(X),(X),65916,1184,35.2,0.6,29011,719,31.7,0.8,36905,795,38.5,0.8,106193,204,(X),(X),48283,153,(X),(X),57910,148,(X),(X),35293,702,33.2,0.7,17706,519,36.7,1.1,17587,480,30.4,0.8
0400000US51,51,Virginia,823735,1249,(X),(X),424633,1044,(X),(X),399102,960,(X),(X),100173,2416,12.2,0.3,43061,1599,10.1,0.4,57112,1590,14.3,0.4,5621010,1523,(X),(X),2708738,1251,(X),(X),2912272,1153,(X),(X),261221,4492,4.6,0.1,134525,2745,5,0.1,126696,2683,4.4,0.1,377441,5252,6.7,0.1,196080,3497,7.2,0.1,181361,2955,6.2,0.1,1378019,9071,24.5,0.2,683903,5987,25.2,0.2,694116,4958,23.8,0.2,1117077,6674,19.9,0.1,522399,5041,19.3,0.2,594678,3920,20.4,0.1,413611,4306,7.4,0.1,169077,2529,6.2,0.1,244534,3333,8.4,0.1,1191485,8241,21.2,0.1,555183,4893,20.5,0.2,636302,5380,21.8,0.2,882156,7766,15.7,0.1,447571,4644,16.5,0.2,434585,4343,14.9,0.1,1154537,1369,(X),(X),580828,1073,(X),(X),573709,1054,(X),(X),462076,4196,40,0.4,205899,2813,35.4,0.5,256177,2714,44.7,0.5,1094958,1551,(X),(X),543513,1214,(X),(X),551445,928,(X),(X),461891,4561,42.2,0.4,213177,2510,39.2,0.5,248714,3145,45.1,0.6,2226698,1582,(X),(X),1080872,1094,(X),(X),1145826,1074,(X),(X),817695,5949,36.7,0.3,401494,3733,37.1,0.3,416201,3616,36.3,0.3,1144817,833,(X),(X),503525,506,(X),(X),641292,577,(X),(X),331979,2750,29,0.2,182184,1702,36.2,0.3,149795,1852,23.4,0.3
0400000US53,53,Washington,664327,714,(X),(X),345279,585,(X),(X),319048,406,(X),(X),70395,2053,10.6,0.3,29851,1364,8.6,0.4,40544,1426,12.7,0.4,4804224,754,(X),(X),2363322,751,(X),(X),2440902,629,(X),(X),189027,3065,3.9,0.1,94547,2069,4,0.1,94480,2050,3.9,0.1,263469,3872,5.5,0.1,139970,2901,5.9,0.1,123499,2159,5.1,0.1,1101156,7728,22.9,0.2,553333,4795,23.4,0.2,547823,4801,22.4,0.2,1168713,6873,24.3,0.1,558696,4484,23.6,0.2,610017,4629,25,0.2,469700,4736,9.8,0.1,213863,3240,9,0.1,255837,3222,10.5,0.1,1022117,7029,21.3,0.1,501908,4009,21.2,0.2,520209,4682,21.3,0.2,590042,5817,12.3,0.1,301005,3791,12.7,0.2,289037,3343,11.8,0.1,1020046,905,(X),(X),521626,680,(X),(X),498420,552,(X),(X),351788,3701,34.5,0.4,164004,2373,31.4,0.4,187784,2475,37.7,0.5,923126,700,(X),(X),467868,518,(X),(X),455258,413,(X),(X),340899,3909,36.9,0.4,162521,2449,34.7,0.5,178378,2361,39.2,0.5,1868210,902,(X),(X),923133,618,(X),(X),945077,635,(X),(X),614156,4821,32.9,0.3,306748,2995,33.2,0.3,307408,2892,32.5,0.3,992842,500,(X),(X),450695,356,(X),(X),542147,384,(X),(X),305316,2736,30.8,0.3,169640,1829,37.6,0.4,135676,1632,25,0.3
0400000US54,54,West Virginia,169126,586,(X),(X),86927,449,(X),(X),82199,452,(X),(X),13118,875,7.8,0.5,4727,466,5.4,0.5,8391,733,10.2,0.9,1297118,682,(X),(X),630813,725,(X),(X),666305,554,(X),(X),64047,1751,4.9,0.1,33873,1225,5.4,0.2,30174,1087,4.5,0.2,126101,2397,9.7,0.2,66155,1563,10.5,0.2,59946,1627,9,0.2,524971,4317,40.5,0.3,265966,2514,42.2,0.4,259005,2905,38.9,0.4,240404,3312,18.5,0.3,111918,2127,17.7,0.3,128486,2215,19.3,0.3,87889,2183,6.8,0.2,32826,1242,5.2,0.2,55063,1641,8.3,0.2,153834,3037,11.9,0.2,73292,1829,11.6,0.3,80542,1801,12.1,0.3,99872,2165,7.7,0.2,46783,1273,7.4,0.2,53089,1467,8,0.2,218633,717,(X),(X),111425,586,(X),(X),107208,491,(X),(X),54395,1677,24.9,0.8,24624,941,22.1,0.8,29771,1140,27.8,1.1,228148,668,(X),(X),115237,485,(X),(X),112911,452,(X),(X),51826,1592,22.7,0.7,22407,947,19.4,0.8,29419,1074,26.1,0.9,522213,729,(X),(X),257057,547,(X),(X),265156,459,(X),(X),99133,2174,19,0.4,46623,1372,18.1,0.5,52510,1352,19.8,0.5,328124,536,(X),(X),147094,316,(X),(X),181030,363,(X),(X),48352,1281,14.7,0.4,26421,864,18,0.6,21931,861,12.1,0.5
0400000US55,55,Wisconsin,562048,670,(X),(X),286748,518,(X),(X),275300,514,(X),(X),59361,1743,10.6,0.3,25151,1134,8.8,0.4,34210,1241,12.4,0.5,3891252,702,(X),(X),1906966,673,(X),(X),1984286,619,(X),(X),115960,2135,3,0.1,60018,1331,3.1,0.1,55942,1327,2.8,0.1,220136,3314,5.7,0.1,121322,1982,6.4,0.1,98814,2130,5,0.1,1233220,5865,31.7,0.2,626607,4173,32.9,0.2,606613,3268,30.6,0.2,816540,4916,21,0.1,396461,3399,20.8,0.2,420079,3216,21.2,0.2,401314,3398,10.3,0.1,183364,2267,9.6,0.1,217950,2278,11,0.1,729499,5520,18.7,0.1,339638,3552,17.8,0.2,389861,3667,19.6,0.2,374583,3788,9.6,0.1,179556,2400,9.4,0.1,195027,2504,9.8,0.1,728926,787,(X),(X),371566,584,(X),(X),357360,584,(X),(X),245009,2965,33.6,0.4,106957,1693,28.8,0.5,138052,1927,38.6,0.5,692081,741,(X),(X),350005,483,(X),(X),342076,508,(X),(X),232688,2917,33.6,0.4,103382,1651,29.5,0.5,129306,1772,37.8,0.5,1595025,818,(X),(X),794218,679,(X),(X),800807,605,(X),(X),435829,3903,27.3,0.2,209300,2022,26.4,0.3,226529,2499,28.3,0.3,875220,544,(X),(X),391177,393,(X),(X),484043,310,(X),(X),190556,2266,21.8,0.3,99555,1441,25.5,0.4,91001,1291,18.8,0.3
0400000US56,56,Wyoming,57123,590,(X),(X),30310,466,(X),(X),26813,375,(X),(X),3548,440,6.2,0.7,1585,295,5.2,1,1963,306,7.3,1.1,387062,678,(X),(X),195491,685,(X),(X),191571,469,(X),(X),7370,654,1.9,0.2,4138,396,2.1,0.2,3232,408,1.7,0.2,22081,925,5.7,0.2,11620,646,5.9,0.3,10461,654,5.5,0.3,112932,2202,29.2,0.6,62185,1589,31.8,0.8,50747,1447,26.5,0.8,102613,2208,26.5,0.6,49071,1306,25.1,0.7,53542,1480,27.9,0.8,41392,1432,10.7,0.4,18894,1048,9.7,0.5,22498,976,11.7,0.5,66753,1765,17.2,0.5,32544,972,16.6,0.5,34209,1220,17.9,0.6,33921,1342,8.8,0.3,17039,802,8.7,0.4,16882,894,8.8,0.5,81662,685,(X),(X),42540,571,(X),(X),39122,466,(X),(X),21907,1141,26.8,1.4,10089,736,23.7,1.7,11818,609,30.2,1.6,70703,595,(X),(X),36673,410,(X),(X),34030,401,(X),(X),19097,905,27,1.3,8618,544,23.5,1.5,10479,606,30.8,1.8,153990,741,(X),(X),78066,523,(X),(X),75924,474,(X),(X),39777,1286,25.8,0.8,19529,811,25,1,20248,802,26.7,1,80707,367,(X),(X),38212,261,(X),(X),42495,252,(X),(X),19893,880,24.6,1.1,11347,544,29.7,1.4,8546,530,20.1,1.2
0400000US72,72,Puerto Rico,356894,219,(X),(X),180755,134,(X),(X),176139,142,(X),(X),26064,1402,7.3,0.4,9096,742,5,0.4,16968,1015,9.6,0.6,2405085,218,(X),(X),1111153,137,(X),(X),1293932,140,(X),(X),404820,4215,16.8,0.2,197742,2920,17.8,0.3,207078,2776,16,0.2,222218,3462,9.2,0.1,117667,2625,10.6,0.2,104551,2154,8.1,0.2,657537,4692,27.3,0.2,334529,3581,30.1,0.3,323008,3784,25,0.3,300774,4030,12.5,0.2,144192,2827,13,0.3,156582,2850,12.1,0.2,228886,3448,9.5,0.1,94534,2186,8.5,0.2,134352,2519,10.4,0.2,425085,3848,17.7,0.2,156799,2852,14.1,0.3,268286,2642,20.7,0.2,165765,2715,6.9,0.1,65690,1483,5.9,0.1,100075,2191,7.7,0.2,444100,270,(X),(X),215429,133,(X),(X),228671,211,(X),(X),130078,2324,29.3,0.5,47450,1431,22,0.7,82628,1750,36.1,0.8,448616,195,(X),(X),213918,131,(X),(X),234698,145,(X),(X),140817,2182,31.4,0.5,50115,1434,23.4,0.7,90702,1705,38.6,0.7,898137,133,(X),(X),414709,131,(X),(X),483428,*****,(X),(X),232475,3330,25.9,0.4,86145,1919,20.8,0.5,146330,2418,30.3,0.5,614232,*****,(X),(X),267097,*****,(X),(X),347135,*****,(X),(X),87480,1456,14.2,0.2,38779,841,14.5,0.3,48701,1108,14,0.3